<Actions>

    <Action id="powerCyclePort">
        <Name>POWER  cycle a port on a UniFi switch</Name>
        <CallbackMethod>buttonConfirmpowerCycleCALLBACKaction</CallbackMethod>        
        <ConfigUI>
            <Field     id="selectedUnifiSwitch" type="menu" defaultValue="system">
                <Label>select which switch:</Label>
                <List class="self" filter="" method="filterUnifiSwitch"  dynamicReload="false"/>
            </Field>
            <Field    id="confirmSW" type="button" tooltip="" >
                <Label>confirm SW</Label><Title>CONFIRM</Title> <CallbackMethod>buttonConfirmSWCALLBACK</CallbackMethod>
            </Field>
            <Field     id="selectedUnifiSwitchPort" type="menu" defaultValue="1">
                <Label>select which port(#1..xx):</Label>
                <List class="self" filter="" method="filterUnifiSwitchPort"  dynamicReload="yes"/>
            </Field>
            <Field    id="onOffCycle" type="menu" tooltip="" >
                <List>
                    <Option value="ON"        >ON</Option>
                    <Option value="OFF"        >OFF</Option>
                    <Option value="CYCLE"      >CYCLE</Option>
                </List>
                <Label>which action</Label>
            </Field>
        </ConfigUI>
    </Action>

    <Action id="powerClientCyclePort">
        <Name>POWER  cycle UniFi Client (PORT)</Name>
        <CallbackMethod>buttonConfirmpowerCycleClientsCALLBACKaction</CallbackMethod>        
        <ConfigUI>
            <Field     id="selectedUnifiClientSwitchPort" type="menu" defaultValue="0">
                <Label>Select UniFi-CLient:</Label>
                <List class="self" filter="" method="filterUnifiClient"  dynamicReload="no"/>
            </Field>
            <Field    id="onOffCycle" type="menu" tooltip="" >
                <List>
                    <Option value="ON"        >ON</Option>
                    <Option value="OFF"        >OFF</Option>
                    <Option value="CYCLE"      >CYCLE</Option>
                </List>
                <Label>which action</Label>
            </Field>
        </ConfigUI>
    </Action>

    <Action id="reconnectWiFiDevice">
        <Name>RECONNECT  a wifi device</Name>
        <CallbackMethod>buttonConfirmReconnectCALLBACKaction</CallbackMethod> 
        <ConfigUI>
            <Field     id="selectedDevice" type="menu" defaultValue="0">
                <Label>select UniFi-CLient Wifi device:</Label>
                <List class="self" filter="" method="filterWiFiDevice"  dynamicReload="no"/>
            </Field>
        </ConfigUI>
    </Action>




    <Action id="blockDevice">
        <Name>Block  a device / client</Name>
        <CallbackMethod>buttonConfirmBlockCALLBACKaction</CallbackMethod> 
        <ConfigUI>
            <Field     id="selectedDevice" type="menu" defaultValue="0">
                <Label>select UniFi-CLient device::</Label>
                <List class="self" filter="" method="filterWiFiDevice"  dynamicReload="no"/>
            </Field>
        </ConfigUI>
    </Action>

    <Action id="unblockDevice">
        <Name>UN-Block  a device / client</Name>
        <CallbackMethod>buttonConfirmUnBlockCALLBACKaction</CallbackMethod> 
        <ConfigUI>
            <Field     id="selectedDevice" type="menu" defaultValue="0">
                <Label>select UniFi-CLient device::</Label>
                <List class="self" filter="" method="filterWiFiDevice"  dynamicReload="no"/>
            </Field>
        </ConfigUI>
    </Action>

    <Action id="disableUniFiAPDevice">
        <Name>DISABLE a UniFi AP device </Name>
        <CallbackMethod>buttonConfirmDisableAPConllerCALLBACKaction</CallbackMethod> 
        <ConfigUI>
            <Field     id="apDeviceSelected" type="menu" defaultValue="0">
                <Label>select UniFi AP device::</Label>
                <List class="self" filter="" method="filterAPdevices"  dynamicReload="no"/>
            </Field>
        </ConfigUI>
    </Action>

    <Action id="enableUniFiAPDevice">
        <Name>ENABLE  a UniFi AP device </Name>
        <CallbackMethod>buttonConfirmEnableAPConllerCALLBACKaction</CallbackMethod> 
        <ConfigUI>
            <Field     id="apDeviceSelected" type="menu" defaultValue="0">
                <Label>select UniFi AP device::</Label>
                <List class="self" filter="" method="filterAPdevices"  dynamicReload="no"/>
            </Field>
        </ConfigUI>
    </Action>


    <Action id="suspendUnifiDevice">
        <Name>SUSPEND a UniFi system device (plugin does not do anything with it)</Name>
        <CallbackMethod>buttonConfirmsuspendCALLBACKaction</CallbackMethod> 
        <ConfigUI>
            <Field     id="selectedDevice" type="menu" defaultValue="0">
                <Label>select Unifi-System device:</Label>
                <List class="self" filter="" method="filterUNIFIsystemDeviceSuspend"  dynamicReload="no"/>
            </Field>
        </ConfigUI>
    </Action>

    <Action id="activateUnifiDevice">
        <Name>UN-SUSPEND a UniFi system device from suspend state </Name>
        <CallbackMethod>buttonConfirmactivateCALLBACKaction</CallbackMethod> 
        <ConfigUI>
            <Field     id="selectedDevice" type="menu" defaultValue="0">
                <Label>select Unifi-System device:</Label>
                <List class="self" filter="" method="filterUNIFIsystemDeviceSuspended"  dynamicReload="no"/>
            </Field>
        </ConfigUI>
    </Action>

   <Action id="rebootUNIFIdevice">
        <Name>REBOOT a UniFi system device </Name>
            <CallbackMethod>buttonConfirmrebootCALLBACKaction</CallbackMethod>
        <ConfigUI>
            <Field     id="rebootUNIFIdeviceSelected" type="menu" defaultValue="system">
                <Label>select which UniFi device:</Label>
                <List class="self" filter="" method="filterUnifiDevices"  dynamicReload="false"/>
            </Field>
        </ConfigUI>
    </Action>


    <Action id="APledON">
        <Name>LED  swictch ON all AP LEDs</Name>
        <CallbackMethod>buttonConfirmAPledONControllerCALLBACKaction</CallbackMethod> 
    </Action>

    <Action id="APledOFF">
        <Name>LED  Switch off all AP LEDs</Name>
        <CallbackMethod>buttonConfirmAPledOFFControllerCALLBACKaction</CallbackMethod> 
    </Action>


    <Action id="APledBlinkON">
        <Name>LED  Blink one AP LED ON</Name>
        <CallbackMethod>buttonConfirmAPxledONControllerCALLBACKaction</CallbackMethod> 
        <ConfigUI>
            <Field     id="selectedAPDevice" type="menu" defaultValue="0">
                <Label>select Unifi-AP device:</Label>
                <List class="self" filter="" method="filterMAConlyAP"  dynamicReload="no"/>
            </Field>
        </ConfigUI>
    </Action>
        
    <Action id="APledBlinkOFF">
        <Name>LED  Blink one AP LED OFF</Name>
        <CallbackMethod>buttonConfirmAPxledOFFControllerCALLBACKaction</CallbackMethod> 
        <ConfigUI>
            <Field     id="selectedAPDevice" type="menu" defaultValue="0">
                <Label>select Unifi-AP device:</Label>
                <List class="self" filter="" method="filterMAConlyAP"  dynamicReload="no"/>
            </Field>
        </ConfigUI>
    </Action>


    <Action id="stopVbox">
        <Name>VIRTUALBOX  Stop vbox machine</Name>
        <CallbackMethod>buttonVboxActionStopCALLBACKaction</CallbackMethod>
    </Action>

    <Action id="startVbox">
        <Name>VIRTUALBOX  start Vbox machine</Name>
        <CallbackMethod>buttonVboxActionStartCALLBACKaction</CallbackMethod>
    </Action>

    <Action id="backupVbox">
        <Name>VIRTUALBOX  Backup vbox vm-disk</Name>
        <CallbackMethod>buttonVboxActionBackupCALLBACKaction</CallbackMethod>
    </Action>

    <Action id="compressVbox">
        <Name>VIRTUALBOX  Compress vbox vm-disk</Name>
        <CallbackMethod>buttonVboxActionCompressCALLBACKaction</CallbackMethod>
    </Action>

    <Action id="mountVMDiskPath">
        <Name>VIRTUALBOX  Mount Video path/drive on unix box</Name>
        <CallbackMethod>buttonMountOSXDriveOnVboxCALLBACKaction</CallbackMethod>
    </Action>


</Actions>
