<?xml version="1.0"?>
<MenuItems>

	<MenuItem id="printConfig">
		<Name>PRINT parameters to logfile </Name>
		<ConfigUI>

				<Field id="printConfig" type="button"> 
					<Label>PRINT Config parameters to logfile </Label> 
					<Title>PRINT</Title><CallbackMethod>printConfigMenu</CallbackMethod>
				</Field>

				<Field id="simpleSeparator1" type="separator"/>

				<Field id="confirmprintAllMACs" type="button" tooltip="a lot of lines !! " >
					<Label>Print All info for all MAC numbers</Label>
					<Title>PRINT</Title> <CallbackMethod>buttonprintALLMACsCALLBACK</CallbackMethod>
				</Field>

				<Field id="simpleSeparator2" type="separator"/>

				<Field id="PrintOverview" type="button"> 
					<Label>PRINT overview info for UniFi devices to logfile </Label> 
					<Title>PRINT</Title><CallbackMethod>printALLUNIFIsreducedMenue</CallbackMethod>
				</Field>

				<Field id="simpleSeparator3" type="separator"/>

				<Field id="printspecificmac" type="label">	<Label>PRINT all info for SPECIFIC MAC#</Label> </Field>
				<Field id="MACdeviceSelected" type="menu" defaultValue="">
					<Label>select which MAC # / device:</Label>
					<List class="self" filter="" method="filterMAC"	 dynamicReload="false"/>
				</Field>
				<Field id="confirmStartLogging" type="button" tooltip="this gets reset after restart of the plugin" >
					<Label>Click to</Label>
					<Title>PRINT</Title> <CallbackMethod>buttonConfirmPrintMACCALLBACK</CallbackMethod>
				</Field>

		</ConfigUI>
	</MenuItem>
	<MenuItem id="printDevInfoFromController">
		<Name>PRINT &#38; get info from UniFi Controller DB and UGA</Name>
		<ConfigUI>
			<Field	id="Label01" type="label"> 
			<Label>Make sure that retention is set properly in MAINTENANCE in the controller
			and enable "use controller info must NOT be off	</Label> </Field>
			<Field id="simpleSeparatorS" type="separator"/>

			<Field	  id="confirm0" type="button" tooltip="" >
				<Label>Get parameters from controller into indigo devices</Label><Title>EXECUTE </Title> <CallbackMethod>buttonConfirmGetAPDevInfoFromControllerCALLBACK</CallbackMethod>
			</Field>
			<Field id="simpleSeparator0" type="separator"/>
			<Field	id="Label1" type="label"> <Label>Print info for system devices:</Label> </Field>
			<Field	   id="MACdeviceSelectedsys" type="menu" defaultValue="">
				<Label>select which MAC # / device:</Label>
				<List class="self" filter="" method="filterUNIFIsystemDevice"  dynamicReload="false"/>
			</Field>
			<Field	  id="confirm1" type="button" tooltip="" >
				<Label>Click to </Label><Title>PRINT </Title> <CallbackMethod>buttonConfirmPrintDevInfoFromControllerCALLBACK</CallbackMethod>
			</Field>
			<Field id="simpleSeparator1" type="separator"/>

			<Field	id="Label2" type="label"> <Label>Print info for CLIENT devices:</Label> </Field>
			<Field	   id="MACdeviceSelectedclient" type="menu" defaultValue="">
				<Label>select which MAC # / device:</Label>
				<List class="self" filter="" method="filterMACunifiOnlyUP"	dynamicReload="false"/>
			</Field>
			<Field	  id="confirm2" type="button" tooltip="" >
				<Label>Click to </Label><Title>PRINT </Title> <CallbackMethod>buttonConfirmPrintClientInfoFromControllerCALLBACK</CallbackMethod>
			</Field>

			<Field	id="Label21" type="label"> 
				<Label>				   Does not work for client types: gw, ap, sw
					   and long time expired devices = not in controller memory</Label> </Field>
			<Field id="simpleSeparator2" type="separator"/>

			<Field	id="Label3" type="label"> <Label>Print HEALTH info:</Label> </Field>
			<Field	  id="confirm3" type="button" tooltip="" >
				<Label>Click to </Label><Title>PRINT </Title> <CallbackMethod>buttonConfirmPrintHealthInfoFromControllerCALLBACK</CallbackMethod>
			</Field>
			<Field id="simpleSeparator3" type="separator"/>

			<Field	id="Label4" type="label"> <Label>Print PortForward info:</Label> </Field>
			<Field	  id="confirm4" type="button" tooltip="" >
				<Label>Click to </Label><Title>PRINT </Title> <CallbackMethod>buttonConfirmPrintPortForWardInfoFromControllerCALLBACK</CallbackMethod>
			</Field>
			<Field id="simpleSeparator4" type="separator"/>

			<Field	id="Label5" type="label"> <Label>Print user info:</Label> </Field>
			<Field	  id="confirm5" type="button" tooltip="active users / clients" >
				<Label>Click to </Label><Title>PRINT </Title> <CallbackMethod>buttonConfirmPrintuserInfoFromControllerCALLBACK</CallbackMethod>
			</Field>
			<Field id="simpleSeparator5" type="separator"/>

			<Field	id="Label51" type="label"> <Label>Print all user info:</Label> </Field>
			<Field	  id="confirm51" type="button" tooltip="includes expired users / clients" >
				<Label>Click to </Label><Title>PRINT </Title> <CallbackMethod>buttonConfirmPrintalluserInfoFromControllerCALLBACK</CallbackMethod>
			</Field>
			<Field id="simpleSeparator51" type="separator"/>

			<Field	id="Label511" type="label"> <Label>Print DeepPacketInfo (must be switched on):</Label> </Field>
			<Field	  id="confirm511" type="button" tooltip="" >
				<Label>Click to </Label><Title>PRINT </Title> <CallbackMethod>buttonConfirmPrintDPIFromControllerCALLBACK</CallbackMethod>
			</Field>


			<Field id="simpleSeparator52" type="separator"/>
			<Field	id="Label521" type="label"> <Label>Print list of backups on system:</Label> </Field>
			<Field	  id="confirm521" type="button" tooltip="" >
				<Label>Click to </Label><Title>PRINT </Title> <CallbackMethod>buttonConfirmPrintListOfBackupsFromControllerCALLBACK</CallbackMethod>
			</Field>


			<Field id="simpleSeparator6" type="separator"/>

			<Field	id="Label60" type="label"> <Label>Print Alarm info:</Label> </Field>
			<Field	  id="confirm6" type="button" tooltip="" >
				<Label>Click to </Label><Title>PRINT </Title> <CallbackMethod>buttonConfirmPrintAlarmInfoFromControllerCALLBACK</CallbackMethod>
			</Field>
			<Field id="simpleSeparator60" type="separator"/>


			<Field	id="Label61" type="label"> <Label>Print WiFi channel info:</Label> </Field>
			<Field	  id="confirm61" type="button" tooltip="" >
				<Label>Click to </Label><Title>PRINT </Title> <CallbackMethod>buttonConfirmPrintWifiChannelInfoFromControllerCALLBACK</CallbackMethod>
			</Field>
			<Field id="simpleSeparator61" type="separator"/>

			<Field	id="Label62" type="label"> <Label>Print WiFi config info:</Label> </Field>
			<Field	  id="confirm62" type="button" tooltip="" >
				<Label>Click to </Label><Title>PRINT </Title> <CallbackMethod>buttonConfirmPrintWifiConfigInfoFromControllerCALLBACK</CallbackMethod>
			</Field>
			<Field id="simpleSeparator62" type="separator"/>

			<Field	id="Label63" type="label"> <Label>Print session info:</Label> </Field>
			<Field	  id="confirm63" type="button" tooltip="" >
				<Label>Click to </Label><Title>PRINT </Title> <CallbackMethod>buttonConfirmPrintSessionInfoFromControllerCALLBACK</CallbackMethod>
			</Field>
			<Field id="simpleSeparator63" type="separator"/>

			<Field	id="Label7" type="label"> <Label>Print Events  (limited by retention set in controller):</Label> </Field>
			<Field	   id="PrintEventInfoMaxEvents" type="menu" defaultValue="10">
				<Label>Maximum Number of events:</Label>
				<List>
					<Option value="1"		 >1</Option>
					<Option value="2"		 >2</Option>
					<Option value="5"		 >5</Option>
					<Option value="10"		 >10</Option>
					<Option value="20"		 >20</Option>
					<Option value="100"		 >100</Option>
					<Option value="200"		 >200</Option>
					<Option value="500"		 >500</Option>
					<Option value="1000"	 >1000</Option>
					<Option value="2000"	 >2000</Option>
					<Option value="5000"	 >5000</Option>
					<Option value="999999999">all</Option>
				</List>
			</Field>
			<Field	  id="PrintEventInfoLoginEvents" type="checkbox"  defaultValue="false"	> <Label>.. print LOGIN events:</Label>	 </Field>
			
			<Field	  id="confirm7" type="button" tooltip="" >
				<Label>Click to </Label><Title>PRINT </Title> <CallbackMethod>buttonConfirmPrintEventInfoFromControllerCALLBACK</CallbackMethod>
			</Field>
			<Field id="simpleSeparator7" type="separator"/>


			<Field	id="LabelprintStats" type="label"> <Label>Stats WAN - WiFi:</Label> </Field>

			<Field	id="Label81" type="label"> <Label>Print 5 Minutes hours WAN-stats:</Label> </Field>
			<Field	  id="confirm81" type="button" tooltip="" >
				<Label>Click to </Label><Title>PRINT </Title> <CallbackMethod>buttonConfirmPrint5MinutesWanInfoFromControllerCALLBACK</CallbackMethod>
			</Field>

			<Field	id="Label82" type="label"> <Label>Print  hours WAN-stats:</Label> </Field>
			<Field	  id="confirm82" type="button" tooltip="" >
				<Label>Click to </Label><Title>PRINT </Title> <CallbackMethod>buttonConfirmPrint48HoursWanInfoFromControllerCALLBACK</CallbackMethod>
			</Field>

			<Field	id="Label84" type="label"> <Label>Print  days WAN-stats:</Label> </Field>
			<Field	  id="confirm84" type="button" tooltip="" >
				<Label>Click to </Label><Title>PRINT </Title> <CallbackMethod>buttonConfirmPrint7DaysWanInfoFromControllerCALLBACK</CallbackMethod>
			</Field>


			<Field	id="Label91" type="label"> <Label>Print 5 Minutes Wifi-AP stats:</Label> </Field>
			<Field	  id="confirm91" type="button" tooltip="" >
				<Label>Click to </Label><Title>PRINT </Title> <CallbackMethod>buttonConfirmPrint5MinutesWiFiInfoFromControllerCALLBACK</CallbackMethod>
			</Field>
			
			<Field	id="Label92" type="label"> <Label>Print  hours Wifi-AP stats:</Label> </Field>
			<Field	  id="confirm92" type="button" tooltip="" >
				<Label>Click to </Label><Title>PRINT </Title> <CallbackMethod>buttonConfirmPrint48HoursWiFiInfoFromControllerCALLBACK</CallbackMethod>
			</Field>

			<Field	id="Label93" type="label"> <Label>Print  days Wifi-AP stats:</Label> </Field>
			<Field	  id="confirm94" type="button" tooltip="" >
				<Label>Click to </Label><Title>PRINT </Title> <CallbackMethod>buttonConfirmPrint7DaysWiFiInfoFromControllerCALLBACK</CallbackMethod>
			</Field>

			
			<Field id="simpleSeparator101" type="separator"/>
			<Field	id="Label10" type="label"> <Label>Print W-lan Config (passwords will be printed!!):</Label> </Field>
			<Field	  id="confirm10" type="button" tooltip="" >
				<Label>Click to </Label><Title>PRINT </Title> <CallbackMethod>buttonConfirmPrintWlanConfInfoFromControllerCALLBACK</CallbackMethod>
			</Field>
<!-->  this one does not work .. covered by other 
			<Field id="simpleSeparator111" type="separator"/>
			<Field	id="Label11" type="label"> <Label>Print UGA setup parameters:</Label> </Field>
			<Field	  id="confirm11" type="button" tooltip="" >
				<Label>Click to </Label><Title>PRINT </Title> <CallbackMethod>executeMCAconfigDumpOnGW</CallbackMethod>
			</Field>
-->
		</ConfigUI>
	</MenuItem>

	<MenuItem id="dataStats">
		<Name>Communication stats - print, clear</Name>
		<ConfigUI>
			<Field	id="Label11" type="label"> 
				<Label>PRINT communication stats:</Label> 
			</Field>
			<Field	  id="confirmprint" type="button" tooltip="" >
				<Label>Click to </Label><Title>PRINT </Title> <CallbackMethod>buttonPrintStatsCALLBACK</CallbackMethod>
			</Field>

			<Field	id="Label12" type="label"> 
				<Label>Zero stats:</Label> 
			</Field>
			<Field	  id="confirmclear" type="button" tooltip="" >
				<Label>Click to </Label><Title>CLEAR </Title> <CallbackMethod>buttonZeroStatsCALLBACK</CallbackMethod>
			</Field>
		</ConfigUI>
	</MenuItem>

	<MenuItem id="logMACs">
		<Name>TRACK info for specific MAC in logfile</Name>
		<ConfigUI>
			<Field	   id="keepMAClogList" type="menu" defaultValue="0">
				<Label>keep / delete MAC numbers after restart:</Label>
				 <List>
					<Option value="0"	  >delete</Option>
					<Option value="1"	  >keep</Option>
				 </List>
			</Field>
			<Field	   id="MACdeviceSelected" type="menu" defaultValue="">
				<Label>select which MAC # / device:</Label>
				<List class="self" filter="" method="filterMAC"	 dynamicReload="false"/>
			</Field>
			<Field	  id="confirmStartLogging" type="button" tooltip="this gets reset after restart of the plugin" >
				<Label>Click to  START     Logging</Label><Title>ADD </Title> <CallbackMethod>buttonConfirmStartLoggingCALLBACK</CallbackMethod>
			</Field>
			<Field	  id="confirmStopLogging" type="button" tooltip="" >
				<Label>Click to  stop  ALL Logging</Label><Title>REMOVE </Title> <CallbackMethod>buttonConfirmStopLoggingCALLBACK</CallbackMethod>
			</Field>
		</ConfigUI>
	</MenuItem>
	<MenuItem id="ignoreMACs">
		<Name>(UN)IGNORE UniFi clients</Name>
		<ConfigUI>
			<Field   id="MSG" type="textfield" defaultValue="ok" readonly ="true">
				<Label>MSG from plugin:</Label>
			</Field>
			<Field id="ignoreLabel0" type="label"> 
				<Label>.. this will effect the plugin only, nothing gets set in UNIFI</Label> 
			</Field>
			<Field id="simpleSeparator0" type="separator"/>
			<Field id="ignoreLabel01" type="label"> 
				<Label>(UN)-SET IGNORE UniFi clients with specific MAC ==============</Label> 
			</Field>
			<Field id="ignoreLabel1" type="label"> 
				<Label>select MACs to COMPLETELY ignore:</Label> 
			</Field>
			<Field	   id="MACdeviceSelected" type="menu" defaultValue="">
				<Label>select device:</Label>
				<List class="self" filter="" method="filterMACunifiAndCameraOnly"  dynamicReload="false"/>
			</Field>
			<Field	  id="confirmIgnore1" type="button"  >
				<Label>Click to  START ignoring</Label><Title>ADD </Title> <CallbackMethod>buttonConfirmStartIgnoringCALLBACK</CallbackMethod>
			</Field>
			<Field id="unignoreLabel3" type="label"> <Label>select MACs to UN ignore:</Label>  </Field>
			<Field	   id="MACdeviceIgnored" type="menu" defaultValue="">
				<Label>select device #:</Label>
				<List class="self" filter="" method="filterMACunifiIgnored"  dynamicReload="false"/>
			</Field>
			<Field	  id="confirmUnIgnore0" type="button" tooltip="" >
				<Label>Click to  STOP  ignoring</Label><Title>REMOVE </Title> <CallbackMethod>buttonConfirmStopIgnoringCALLBACK</CallbackMethod>
			</Field>

			<Field id="simpleSeparator2" type="separator"/>
			<Field id="ignoreLabel10" type="label"> 
				<Label>(UN)-SET IGNORE  UniFi clients with partial MAC ==============</Label> 
			</Field>
			<Field id="ignoreLabel11" type="label"> 
				<Label>xx:AD:12:xx:56:xx ignores MACs with any xx and AD 12 56</Label> 
			</Field>
			<Field   id="MACspecialIgnore" type="textfield" defaultValue="">
				<Label>set MAC #:</Label>
			</Field>
			<Field	  id="confirmIgnore10" type="button" >
				<Label>Click to  START ignoring</Label><Title>ADD </Title> <CallbackMethod>buttonConfirmStartIgnoringSpecialMACCALLBACK</CallbackMethod>
			</Field>
			<Field id="unignoreLabel10" type="label"> <Label>UN ignore:</Label>  </Field>
			<Field	   id="MACspecialUNIgnored" type="menu" defaultValue="">
				<Label>select MAC #:</Label>
				<List class="self" filter="" method="filterMACspecialUNIgnore"  dynamicReload="false"/>
			</Field>
			<Field	  id="confirmUnIgnore10" type="button" tooltip="" >
				<Label>Click to  STOP  ignoring</Label><Title>REMOVE </Title> <CallbackMethod>buttonConfirmStopIgnoringSpecialMACCALLBACK</CallbackMethod>
			</Field>
		</ConfigUI>
	</MenuItem>

	<MenuItem id="restartListeners">
		<Name>LISTENERS ... Manage </Name>
		<ConfigUI>
				<Field	  id="resetCam" type="button" tooltip="" >
					<Label>Camera listener</Label><Title>Restart </Title><CallbackMethod>buttonRestartVDListenerCALLBACK</CallbackMethod>
				</Field>
			<Field id="resetCam2" type="label" alignWithControl="true" fontSize="small" fontColor="darkgrey">  
			<Label>This will restart the camera listener propcesses </Label> 
			</Field>
			<Field id="simpleSeparatorCam" type="separator"/>
				<Field	  id="resetGW" type="button" tooltip="" >
					<Label>Gateway listener</Label><Title>Restart</Title><CallbackMethod>buttonRestartGWListenerCALLBACK</CallbackMethod>
				</Field>
			<Field id="resetGW2" type="label" alignWithControl="true" fontSize="small" fontColor="darkgrey">  
			<Label>This will restart the Gateway listener propcess </Label> 
			</Field>
			<Field id="simpleSeparatorGW" type="separator"/>
				<Field	   id="pickAP" type="menu" defaultValue="-1">
					<Label>which AP# listener should be restarted</Label>
					 <List>
						<Option value="0"	 > #0</Option>
						<Option value="1"	 > #1</Option>
						<Option value="2"	 > #2</Option>
						<Option value="3"	 > #3</Option>
						<Option value="4"	 > #4</Option>
					</List>
				</Field>
				<Field	  id="resetAP" type="button" tooltip="" >
					<Label>AP listener</Label><Title>Restart </Title><CallbackMethod>buttonRestartAPListenerCALLBACK</CallbackMethod>
				</Field>
			<Field id="resetAP2" type="label" alignWithControl="true" fontSize="small" fontColor="darkgrey">  
			<Label>This will restart the WiFi AP listener propcesses </Label> 
			</Field>
			<Field id="simpleSeparatorAP" type="separator"/>
				<Field	   id="pickSW" type="menu" defaultValue="-1">
					<Label>which SWP# listener should be restarted</Label>
					 <List>
						<Option value="0"	 > #0</Option>
						<Option value="1"	 > #1</Option>
						<Option value="2"	 > #2</Option>
						<Option value="3"	 > #3</Option>
						<Option value="4"	 > #4</Option>
						<Option value="5"	 > #5</Option>
						<Option value="6"	 > #6</Option>
						<Option value="7"	 > #7</Option>
						<Option value="8"	 > #8</Option>
						<Option value="9"	 > #9</Option>
						<Option value="10"	 > #10</Option>
					</List>
				</Field>
				<Field	  id="resetSW" type="button" tooltip="" >
					<Label>Switch listener</Label><Title>Restart </Title><CallbackMethod>buttonRestartSWListenerCALLBACK</CallbackMethod>
				</Field>
			<Field id="resetSW2" type="label" alignWithControl="true" fontSize="small" fontColor="darkgrey">  
			<Label>This will restart the switches listener propcesses </Label> 
			</Field>

			<Field id="simpleSeparatorresetprompts" type="separator"/>
				<Field	  id="resetprompts" type="button" tooltip="" >
					<Label>Reset prompt(s) used for ssh ... </Label><Title>Reset </Title><CallbackMethod>buttonResetPromptsCALLBACK</CallbackMethod>
				</Field>
			<Field id="resetpromptslabel" type="label" alignWithControl="true" fontSize="small" fontColor="darkgrey">  
			<Label>This will reset the prompt-tag used in expect script
it will make the plugin restart </Label> 
			</Field>


		</ConfigUI>
	</MenuItem>



	<MenuItem id="addToGroups">
		<Name>Groups ... Manage</Name>
		<ConfigUI>
				<Field id="printGroups" type="button"> 
					<Label>PRINT Groups </Label> 
					<Title>CONFIRM </Title><CallbackMethod>printGroupsCALLBACK</CallbackMethod>
				</Field>

				<Field id="simpleSeparator00" type="separator"/>

				<Field id="simpleSeparator01" type="separator"/>
			<Field id="labeladdremovetypes" type="label"> <Label>ADD or remove devices types from to groups:</Label>  </Field>
			<Field	   id="addRemoveGroupsWhichDevice" type="menu" defaultValue="system">
				<Label>select which type of device:</Label>
				 <List>
					<Option value="system"	  >system devices (AP, switch etc)</Option>
					<Option value="neighbor"  >neighbor wifi routers etc </Option>
					<Option value="wifi"	  >regular devices connected though wifi </Option>
					<Option value="LAN"		  >regular devices connected though LAN	 (not Wifi) </Option>
				</List>
			</Field>
			<Field	   id="addRemoveGroupsWhichGroup" type="menu" defaultValue="0">
				<Label>select which Group you want to add to / remove from:</Label>
				<List class="self" filter="" method="filterGroupNoName"	 dynamicReload="false"/>
			</Field>
			<Field	  id="confirmnameSW" type="button" tooltip="" >
				<Label>Click to add</Label><Title>CONFIRM </Title> <CallbackMethod>buttonConfirmAddDevGroupCALLBACK</CallbackMethod>
			</Field>
			<Field	  id="confirmrem" type="button" tooltip="" >
				<Label>Click to remove</Label><Title>CONFIRM </Title> <CallbackMethod>buttonConfirmRemDevGroupCALLBACK</CallbackMethod>
			</Field>

			<Field id="simpleSeparator10" type="separator"/>

			<Field id="simpleSeparator11" type="separator"/>
			<Field id="labeladdremove01" type="label"> <Label>ADD or remove individual devices from to groups:</Label>	</Field>

			<Field id="selectedGroup" type="menu" defaultValue="">
				<Label>select which GROUP:</Label>
				<List class="self" filter="" method="filterGroups"	dynamicReload="false"/>
			</Field>
			<Field id="confirmGroup" type="button" tooltip="" >
				<Label>Click to	 select Group </Label>
				<Title>CONFIRM </Title> <CallbackMethod>buttonConfirmgroupCALLBACK</CallbackMethod>
			</Field>
			<Field id="simpleSeparator30" type="separator"/>
			<Field id="labeladdremove32" type="label"> <Label>REMOVE:</Label>  </Field>
			<Field id="removeALLGroupMembers" type="button" tooltip="" >
				<Label>Click to	 REMOVE ALL group members</Label>
				<Title>CONFIRM </Title> <CallbackMethod>buttonConfirmremoveALLGroupMembersCALLBACK</CallbackMethod>
			</Field>
			<Field id="selectedGroupMemberIndigoIdremove" type="menu" tooltip="" >
				<Label>Click to	 select group MEMBER </Label>
				<List class="self" filter="" method="filterGroupMembers"  dynamicReload="false"/>
			</Field>
			<Field id="removeGroupMember" type="button" tooltip="" >
				<Label>Click to	 REMOVE group member</Label>
				<Title>CONFIRM </Title> <CallbackMethod>buttonConfirmremoveGroupMemberCALLBACK</CallbackMethod>
			</Field>
			<Field id="simpleSeparator40" type="separator"/>
			<Field id="labeladdremove42" type="label"> <Label>ADD:</Label>	</Field>
			<Field id="selectedGroupMemberIndigoIdadd" type="menu" tooltip="" >
				<Label>Click to	 select group MEMBER to add </Label>
				<List class="self" filter="" method="filterDevicesToAddToGroup"	 dynamicReload="false"/>
			</Field>
			<Field id="addGroupMember" type="button" tooltip="" >
				<Label>Click to	 ADD group member</Label>
				<Title>CONFIRM </Title> <CallbackMethod>buttonConfirmADDGroupMemberCALLBACK</CallbackMethod>
			</Field>

		</ConfigUI>
	</MenuItem>
	<MenuItem id="dCameras"> <Name>-------------Cameras ----------</Name><CallbackMethod>inpDummy</CallbackMethod></MenuItem>

	<MenuItem id="CameraActionsNVR">
		<Name>CAMERA - unifi-video (old NVR system) Info and Settings, actions</Name>
		<ConfigUI>
		
			<Field id="printLabel" type="label" fontSize="large" > <Label>PRINT: ... </Label>  </Field>
			<Field	   id="maxEvents" type="menu" defaultValue="10">
				<Label> ... EVENTS			 max number of events:</Label>
				 <List>
					<Option value="5"	  >5</Option>
					<Option value="10"	  >10</Option>
					<Option value="20"	  >20</Option>
					<Option value="100"	  >100</Option>
					<Option value="200"	  >200</Option>
					<Option value="1000"  >1000</Option>
					<Option value="2000"  >2000</Option>
					<Option value="10000" >10000</Option>
				 </List>
			</Field>
			<Field	  id="confirmSprint" type="button" tooltip="" >
				<Label>Click to</Label><Title>PRINT </Title><CallbackMethod>buttonprintNVRCameraEventsCALLBACK</CallbackMethod>
			</Field>
			<Field	  id="printCamarasysinfo" type="button" tooltip="" >
				<Label>... Camera + NVR server info       Click to </Label><Title>PRINT </Title><CallbackMethod>buttonPrintNVRCameraSystemCALLBACK</CallbackMethod>
			</Field>
			<Field id="simpleSeparator2" type="separator"/>
			<Field id="resetCameventsLab1" type="label"> <Label>Reset stored camera event # to 0, ie if yo have replaced </Label>  </Field>


			<Field	  id="resetCamevents" type="button" tooltip="" >
				<Label>or initialized a camera:            Click to </Label><Title>RESET </Title><CallbackMethod>buttonresetNVRCameraEventsCALLBACK</CallbackMethod>
			</Field>
			<Field id="simpleSeparator50" type="separator"/>



			<Field id="sendcmdtoCameraNVR" type="label" fontSize="large"> <Label>Send commands to cameras (rec/LED/IR/Mic/speaker on/off ...)</Label></Field>
			<Field	  id="cameraCmd" type="checkbox"  defaultValue="false"	> <Label>Show Camera commands:</Label>	</Field>
			<Field	  id="msg" type="textfield"	defaultValue="msg from plugin will show here"  > <Label>ret code from plugin:</Label>  </Field>

			<Field	   id="cameraDeviceSelected" type="menu" defaultValue="" >
				<Label>1. Select     ==========>     camera device:</Label>
				<List class="self" filter="" method="filterCameraDevice"  dynamicReload="false"/>
			</Field>
			<Field	  id="cameraCmdxlabel" type="Label" > <Label>2. Actions === </Label>	 </Field>
			<Field	   id="camLED" type="menu" defaultValue="0"  >
				<Label>=== LED                               set ON off:</Label>
				 <List>
					<Option value="0"	 >off</Option>
					<Option value="1"	 >ON</Option>
				 </List>
			</Field>
			<Field	  id="sendLEDtoNVR" type="button" tooltip=""  >
				<Label>--- Click to </Label><Title>SET LED</Title><CallbackMethod>buttonSendCommandToNVRLEDCALLBACK</CallbackMethod>
			</Field>
			<Field	   id="motionRecordEnabled" type="menu" defaultValue="0"   >
				<Label>=== MOTION  ...    record "on-motion":</Label>
				 <List>
					<Option value="0"	 >off</Option>
					<Option value="1"	 >ON</Option>
				 </List>
			</Field>
			<Field	   id="fullTimeRecordEnabled" type="menu" defaultValue="0"	visibleBindingId="cameraCmd" visibleBindingValue="true" >
				<Label> ...record fulltime:</Label>
				 <List>
					<Option value="0"	 >off</Option>
					<Option value="1"	 >ON</Option>
				 </List>
			</Field>
			<Field	   id="channel" type="menu" defaultValue="0"   >
				<Label> ...resolution:</Label>
				 <List>
					<Option value="2"	 >2 low res</Option>
					<Option value="1"	 >1 med res</Option>
					<Option value="0"	 >0 high res</Option>
				 </List>
			</Field>
			<Field	   id="prePaddingSecs" type="menu" defaultValue="-1"   >
				<Label>... Pre trigger recording:</Label>
				 <List>
					<Option value="-1"	 >do not change</Option>
					<Option value="0"	 >off</Option>
					<Option value="5"	 >5 secs</Option>
					<Option value="10"	 >10 secs</Option>
					<Option value="15"	 >10 secs</Option>
				 </List>
			</Field>
			<Field	   id="postPaddingSecs" type="menu" defaultValue="-1"   >
				<Label>... Post trigger recording:</Label>
				 <List>
					<Option value="-1"	 >do not change</Option>
					<Option value="0"	 >off</Option>
					<Option value="5"	 >5 secs</Option>
					<Option value="10"	 >10 secs</Option>
					<Option value="15"	 >10 secs</Option>
				 </List>
			</Field>
			<Field	  id="sendrecordtoNVR" type="button" tooltip="" >
				<Label>--- Click to</Label><Title>SET Recording </Title><CallbackMethod>buttonSendCommandToNVRRecordCALLBACK</CallbackMethod>
			</Field>
			<Field	   id="camSounds" type="menu" defaultValue="0" tooltip="" >
				<Label>=== System Sounds                 Enabled:</Label>
				 <List>
					<Option value="0"	 >off</Option>
					<Option value="1"	 >ON</Option>
				 </List>
			</Field>
			<Field	  id="sendsoundstoNVR" type="button" tooltip="" >
				<Label>--- Click to </Label><Title>SET SOUND </Title><CallbackMethod>buttonSendCommandToNVRSoundsCALLBACK</CallbackMethod>
			</Field>
			<Field	   id="enableSpeaker" type="menu" defaultValue="0" tooltip="" >
				<Label>=== Speaker                         ... Enabled:</Label>
				 <List>
					<Option value="0"	 >off</Option>
					<Option value="1"	 >ON</Option>
				 </List>
			</Field>
			<Field	   id="speakerVolume" type="menu" defaultValue="100"  >
				<Label> ... Volume:</Label>
				 <List>
					<Option value="0"	 >off</Option>
					<Option value="10"	 >10</Option>
					<Option value="20"	 >20</Option>
					<Option value="30"	 >30</Option>
					<Option value="40"	 >40</Option>
					<Option value="50"	 >50</Option>
					<Option value="60"	 >60</Option>
					<Option value="70"	 >70</Option>
					<Option value="80"	 >80</Option>
					<Option value="90"	 >90</Option>
					<Option value="100"	 >100</Option>
				 </List>
			</Field>
			<Field	  id="sendenableSpeakertoNVR" type="button" tooltip="" >
				<Label>--- Click to </Label><Title>SET SPEAKER </Title><CallbackMethod>buttonSendCommandToNVRenableSpeakerCALLBACK</CallbackMethod>
			</Field>

			<Field	   id="micVolume" type="menu" defaultValue="0"  >
				<Label>=== Mic                                ... Volume:</Label>
				 <List>
					<Option value="10"	 >10</Option>
					<Option value="20"	 >20</Option>
					<Option value="30"	 >30</Option>
					<Option value="40"	 >40</Option>
					<Option value="50"	 >50</Option>
					<Option value="60"	 >60</Option>
					<Option value="70"	 >70</Option>
					<Option value="80"	 >80</Option>
					<Option value="90"	 >90</Option>
					<Option value="100"	 >100</Option>
				 </List>
			</Field>
			<Field	  id="sendmicVolumetoNVR" type="button" tooltip="" >
				<Label>--- Click to </Label><Title>SET Mic Vol </Title><CallbackMethod>buttonSendCommandToNVRmicVolumeCALLBACK</CallbackMethod>
			</Field>

			<Field	   id="enableExternalIr" type="menu" defaultValue="0" tooltip="" >
				<Label>=== IR                    ... External  ON off:</Label>
				 <List>
					<Option value="0"	 >off</Option>
					<Option value="1"	 >ON</Option>
				 </List>
			</Field>
			<Field	   id="irLedMode" type="menu" defaultValue="auto" tooltip="" >
				<Label> ...     led mode:</Label>
				 <List>
					<Option value="auto"		 >auto</Option>
					<Option value="manual-255"	  >on high</Option>
					<Option value="manual-100"	  >on med</Option>
					<Option value="manual-0"	  >off</Option>
				 </List>
			</Field>
			<Field	  id="sendIRtoNVR" type="button" tooltip="" >
				<Label>--- Click to </Label><Title>SET IR </Title><CallbackMethod>buttonSendCommandToNVRIRCALLBACK</CallbackMethod>
			</Field>

			<Field id="videoStreamingLabel" type="label" >
				  <Label>               === Video Streaming</Label>	</Field>
			<Field	   id="channelS" type="menu" defaultValue="0"   >
				<Label> ...     resolution:</Label>
				 <List>
					<Option value="2"	 >2 low res</Option>
					<Option value="1"	 >1 med res</Option>
					<Option value="0"	 >0 high res</Option>
				 </List>
			</Field>

			<Field	   id="isRtmpEnabled" type="menu" defaultValue="0" tooltip="" >
				<Label> ...     rtmp:</Label>
				 <List>
					<Option value="0"	 >off</Option>
					<Option value="1"	 >on</Option>
				 </List>
			</Field>
			<Field	   id="isRtmpsEnabled" type="menu" defaultValue="0" tooltip="" >
				<Label> ...     rtmps:</Label>
				 <List>
					<Option value="0"	 >off</Option>
					<Option value="1"	 >on</Option>
				 </List>
			</Field>
			<Field	   id="isRtspEnabled" type="menu" defaultValue="0" tooltip="" >
				<Label> ...     rtsp:</Label>
				 <List>
					<Option value="0"	 >off</Option>
					<Option value="1"	 >on</Option>
				 </List>
			</Field>
			<Field	  id="sendvdsteramingtoNVR" type="button" tooltip="" >
				<Label>--- Click to </Label><Title>SET Stream </Title><CallbackMethod>buttonSendCommandToNVRvideostreamingCALLBACK</CallbackMethod>
			</Field>

			<Field id="snapShotLabel" type="label" >
				  <Label>               === Camera Snap Shot(from NVR or Camera)</Label>	 </Field>
			<Field id="snapShotTextMethod" type="textfield"  readonly="true" >
				  <Label>use method for snapshot: </Label>	</Field>
			<Field	   id="widthOfImage" type="menu" defaultValue="1024" tooltip="" >
				<Label> ...     width of image(pixels):</Label>
				<List>
					<Option value="240"			> 240</Option>
					<Option value="320"			> 320</Option>
					<Option value="480"			> 480</Option>
					<Option value="640"			> 640 (low)</Option>
					<Option value="720"			> 720</Option>
					<Option value="1024"		> 1024 (med)</Option>
					<Option value="1080"		> 1080</Option>
					<Option value="1920"		> 1920 (high) </Option>
					<Option value="2048"		> 2048 (max)</Option>
				</List>
			</Field>
			<Field	   id="fileNameOfImage" type="textfield" defaultValue="/users/" tooltip="" >
				<Label> ...     file name of image on MAC use .jpeg:</Label>
		   </Field>
			<Field	  id="getSnapshotFRomNVR" type="button" tooltip="" >
				<Label>--- Click to </Label><Title>Get Snapshot </Title><CallbackMethod>buttonSendCommandToNVRgetSnapshotCALLBACK</CallbackMethod>
			</Field>



			<Field id="simpleSeparator30" type="separator"/>
			<Field id="refreshCamconfigLab1" type="label" fontSize="large"> <Label>(Re)-load config from NVR into indigo:</Label>  </Field>
			<Field	  id="refreshCamconfig" type="button" tooltip="" >
				<Label>Click to </Label><Title>REFRESH </Title><CallbackMethod>buttonrefreshNVRCameraSystemCALLBACK</CallbackMethod>
			</Field>
			<Field id="simpleSeparator31" type="separator"/>
			<Field id="simpleSeparator32" type="separator"/>
			<Field id="UNIXLab1" type="label" fontSize="large"> <Label>Commands for the unix box and virtual system if installed:</Label>  </Field>
			<Field	  id="stopVideoservice" type="button" tooltip="sends   service unifi-video stop	 to unix box" >
					<Label>Video service on unix box ==></Label><Title>STOP </Title><CallbackMethod>buttonstopVideoServiceCALLBACK</CallbackMethod>
			 </Field>
			<Field	  id="startVideoservice" type="button" tooltip="sends	service unifi-video start  to unix box" >
					<Label>Video service on unix box ==></Label><Title>START </Title><CallbackMethod>buttonstartVideoServiceCALLBACK</CallbackMethod>
			</Field>
			<Field	  id="mountOSXpath" type="button" tooltip="sends   sudo mount -t vboxsf -o uid=unifi-video,gid=unifi-video video (mount-path)	 to unix box" >
					<Label>Mount Video path/drive on unix box</Label><Title>MOUNT </Title><CallbackMethod>buttonMountOSXDriveOnVboxCALLBACK</CallbackMethod>
			</Field>
			<Field id="simpleSeparatorVD1" type="separator"/>
			<Field	  id="VboxActionStartCALLBACK" type="button" tooltip="this will start vm box if not running; with	VBoxManage controlvm (vmMachine)  acpipowerbutton  " >
					<Label>VirtualMachine box</Label><Title>START </Title><CallbackMethod>buttonVboxActionStartCALLBACK</CallbackMethod>
			</Field>
			<Field	  id="VboxActionStopCALLBACK" type="button" tooltip="this will start vm box if not running; with   VBoxManage startvm (vmMachine)	--type headless	 " >
					<Label>VirtualMachine box</Label><Title>STOP </Title><CallbackMethod>buttonVboxActionStopCALLBACK</CallbackMethod>
			</Field>
			<Field	  id="VboxActionCompressCALLBACK" type="button" tooltip=" this will stop, VBoxManage modifymedium disk	(vmDisk) --compact	   and restart vm box" >
					<Label>VirtualMachine box</Label><Title>COMPRESS </Title><CallbackMethod>buttonVboxActionCompressCALLBACK</CallbackMethod>
			</Field>
			<Field	  id="VboxActionBackupCALLBACK" type="button" tooltip=" this will stop, backup disk file  and restart vm box" >
					<Label>VirtualMachine box</Label><Title>Backup </Title><CallbackMethod>buttonVboxActionBackupCALLBACK</CallbackMethod>
			</Field>
		</ConfigUI>
	</MenuItem>


	<MenuItem id="CameraActionsProtect">
		<Name>CAMERA - protect Info and Settings, actions, print info</Name>
		<ConfigUI>

			<Field id="sendcmdtoCameraProtect" type="label" fontSize="large"> <Label>Send commands to cameras (rec/LED/IR/Mic/speaker on/off ...)</Label></Field>

			<Field	  id="msg" type="textfield"	defaultValue="msg from plugin will show here"  > <Label>ret code from plugin:</Label>  </Field>
			<Field id="simpleSeparatormsg" type="separator"/>

			<Field	  id="confirmProtect" type="button" tooltip="" >
				<Label>Print Protect Device info</Label><Title>EXECUTE </Title> <CallbackMethod>buttonConfirmPrintProtectDeviceInfoCALLBACK</CallbackMethod>
			</Field>
			<Field	  id="printsep" type="Label" > <Label>.  =======================================================  .</Label>	 </Field>


			<Field	   id="cameraDeviceSelected" type="menu" defaultValue="" >
				<Label>1. Select     ==========>        camera device:</Label>
				<List class="self" filter="" method="filterCameraDevice"  dynamicReload="false"/>
			</Field>
			<Field	  id="camerasep" type="Label" > <Label>.      --------------------------------------------------  .</Label>	 </Field>

			<Field	  id="cameraProtectCmdxlabel" type="Label" > <Label>2. Actions === </Label>	 </Field>
			<Field id="simpleSeparatorACTIONS" type="separator"/>
<!--
			<Field	   id="lcdMessage" type="textField" defaultValue="do not change"  >
				<Label>=== lcd message if present                     set:</Label>
			</Field>
			<Field	  id="sendlcdMessagetoProtect" type="button" tooltip=""  >
				<Label> Click to </Label><Title>SET message</Title><CallbackMethod>buttonSendCommandToProtectLcdMessageCALLBACK</CallbackMethod>
			</Field>

			<Field id="simpleSeparatorlcd" type="separator"/>
-->

			<Field	   id="camLEDenabled" type="menu" defaultValue="0"  >
				<Label>=== LED                                  set ON off:</Label>
				 <List>
					<Option value="0"	 >off</Option>
					<Option value="1"	 >ON</Option>
				 </List>
			</Field>
			<Field	   id="blinkRate" type="textfield" defaultValue="0"  >
				<Label> ... blinkrate (0-10):</Label>
			</Field>


			<Field	  id="sendLEDtoProtect" type="button" tooltip=""  >
				<Label>--- Click to </Label><Title>SET LED</Title><CallbackMethod>buttonSendCommandToProtectLEDCALLBACK</CallbackMethod>
			</Field>
			<Field id="simpleSeparatorLED" type="separator"/>

			<Field	   id="motionRecordEnabledProtect" type="menu" defaultValue="motion"   >
				<Label>=== MOTION  ...                            mode:</Label>
				 <List>
					<Option value="-1"				>do not change</Option>
					<Option value="never"	 >never</Option>
					<Option value="motion"	 >motion</Option>
					<Option value="smartDetect"	 >smartDetect</Option>
					<Option value="always"	 >always</Option>
				 </List>
			</Field>

			<Field	   id="prePaddingSecs" type="menu" defaultValue="-1"   >
				<Label>... Pre trigger recording:</Label>
				 <List>
					<Option value="-1"	 >do not change</Option>
					<Option value="0"	 >off</Option>
					<Option value="3"	 >3 secs</Option>
					<Option value="5"	 >5 secs</Option>
					<Option value="10"	 >10 secs</Option>
					<Option value="15"	 >10 secs</Option>
				 </List>
			</Field>

			<Field	   id="postPaddingSecs" type="menu" defaultValue="-1"   >
				<Label>... Post trigger recording:</Label>
				 <List>
					<Option value="-1"	 >do not change</Option>
					<Option value="0"	 >off</Option>
					<Option value="3"	 >3 secs</Option>
					<Option value="5"	 >5 secs</Option>
					<Option value="10"	 >10 secs</Option>
					<Option value="15"	 >10 secs</Option>
				 </List>
			</Field>


			<Field	   id="endMotionEventDelay" type="menu" defaultValue="-1"   >
				<Label>... end Motion Event Delay:</Label>
				 <List>
					<Option value="-1"	 >do not change</Option>
					<Option value="500"	 >0.5 sec</Option>
					<Option value="1000" >1 sec</Option>
					<Option value="2000" >2 sec</Option>
					<Option value="3000" >3 sec</Option>
					<Option value="5000" >5 sec</Option>
					<Option value="10000" >10 sec</Option>
				 </List>
			</Field>


			<Field	   id="useNewMotionAlgorithm" type="menu" defaultValue="-1"   >
				<Label>... use New Motion Algorithm:</Label>
				 <List>
					<Option value="-1"	 >do not change</Option>
					<Option value="0"	 >off</Option>
					<Option value="1"	 >on</Option>
				 </List>
			</Field>


			<Field	   id="suppressIlluminationSurge" type="menu" defaultValue="-1"   >
				<Label>... suppress Illumination Surge:</Label>
				 <List>
					<Option value="-1"	 >do not change</Option>
					<Option value="0"    >on</Option>
					<Option value="1"	 >off</Option>
				 </List>
			</Field>

			<Field	   id="motionAlgorithm" type="menu" defaultValue="-1"   >
				<Label>... use New Motion Algorithm:</Label>
				 <List>
					<Option value="-1"	 >do not change</Option>
					<Option value="stable" >stable</Option>
					<Option value="enhanced"	 >enhanced</Option>
				 </List>
			</Field>

			<Field	   id="minMotionEventTrigger" type="menu" defaultValue="-1"   >
				<Label>... min motion trigger threshold:</Label>
				 <List>
					<Option value="-1"	 >do not change</Option>
					<Option value="0"	 >0 sensitive</Option>
					<Option value="10"	 >10</Option>
					<Option value="20"	 >20</Option>
					<Option value="50"	 >50</Option>
					<Option value="100"	 >100</Option>
					<Option value="200"	 >200</Option>
					<Option value="500"	 >500</Option>
					<Option value="1000" >1000</Option>
					<Option value="2000" >2000</Option>
					<Option value="5000" >5000</Option>
					<Option value="10000" >10000</Option>
				 </List>
			</Field>

			<Field	  id="sendrecordtoProtect" type="button" tooltip="" >
				<Label>--- Click to</Label><Title>SET Recording </Title><CallbackMethod>buttonSendCommandToProtectRecordCALLBACK</CallbackMethod>
			</Field>
			<Field id="simpleSeparatorREC" type="separator"/>

			<Field	   id="areSystemSoundsEnabled" type="menu" defaultValue="0" tooltip="" >
				<Label>=== System Sounds                   Enabled:</Label>
				 <List>
					<Option value="-1"				>do not change</Option>
					<Option value="0"	 >off</Option>
					<Option value="1"	 >ON</Option>
				 </List>
			</Field>

			<Field	   id="isEnabled" type="menu" defaultValue="0" tooltip="" >
				<Label>Speaker                            Enabled:</Label>
				 <List>
					<Option value="-1"				>do not change</Option>
					<Option value="0"	 >off</Option>
					<Option value="1"	 >ON</Option>
				 </List>
			</Field>

			<Field	   id="volume" type="menu" defaultValue="100"  >
				<Label> ... Volume:</Label>
				 <List>
					<Option value="-1"				>do not change</Option>
					<Option value="0"	 >off</Option>
					<Option value="10"	 >10</Option>
					<Option value="20"	 >20</Option>
					<Option value="30"	 >30</Option>
					<Option value="40"	 >40</Option>
					<Option value="50"	 >50</Option>
					<Option value="60"	 >60</Option>
					<Option value="70"	 >70</Option>
					<Option value="80"	 >80</Option>
					<Option value="90"	 >90</Option>
					<Option value="100"	 >100</Option>
				 </List>
			</Field>

			<Field	  id="sendenableSpeakertoProtect" type="button" tooltip="" >
				<Label>--- Click to </Label><Title>SET SPEAKER </Title><CallbackMethod>buttonSendCommandToProtectenableSpeakerCALLBACK</CallbackMethod>
			</Field>
			<Field id="simpleSeparatorSOUND" type="separator"/>

			<Field	   id="micVolume" type="menu" defaultValue="100"  >
				<Label>=== Mic                                     ... Volume:</Label>
				 <List>
					<Option value="-1"				>do not change</Option>
					<Option value="10"	 >10</Option>
					<Option value="20"	 >20</Option>
					<Option value="30"	 >30</Option>
					<Option value="40"	 >40</Option>
					<Option value="50"	 >50</Option>
					<Option value="60"	 >60</Option>
					<Option value="70"	 >70</Option>
					<Option value="80"	 >80</Option>
					<Option value="90"	 >90</Option>
					<Option value="100"	 >100</Option>
				 </List>
			</Field>

			<Field	  id="sendmicVolumetoProtect" type="button" tooltip="" >
				<Label>--- Click to </Label><Title>SET Mic Vol </Title><CallbackMethod>buttonSendCommandToProtectmicVolumeCALLBACK</CallbackMethod>
			</Field>
			<Field id="simpleSeparatorMIC" type="separator"/>

			<Field	   id="irLedMode" type="menu" defaultValue="auto" tooltip="" >
				<Label>=== IR LED                            ...     IR mode:</Label>
				 <List>
					<Option value="-1"				>do not change</Option>
					<Option value="on"				>on</Option>
					<Option value="off"				>off</Option>
					<Option value="auto"			>auto</Option>
					<Option value="autoFilterOnly"	>auto w/o LED</Option>
				 </List>
			</Field>

			<Field	   id="irLedLevel" type="textfield" defaultValue="255" tooltip="" >
				<Label> ...     led level (if on):</Label>
			</Field>

			<Field	   id="icrSensitivity" type="menu" defaultValue="1" tooltip="" >
				<Label> ...     IR activation sen level:</Label>
				 <List>
					<Option value="-1"				>do not change</Option>
					<Option value="0"	>low</Option>
					<Option value="1"	>med</Option>
					<Option value="2"	>high</Option>
				 </List>
			</Field>
			<Field	  id="sendIRtoProtect" type="button" tooltip="" >
				<Label>--- Click to </Label><Title>SET IR </Title><CallbackMethod>buttonSendCommandToProtectIRCALLBACK</CallbackMethod>
			</Field>

			<Field id="simpleSeparatorIR" type="separator"/>

			<Field id="snapShotLabel" type="label" >
				  <Label>        === Camera Snap Shot from protect </Label>
			</Field>

			<Field	   id="whofImage" type="menu" defaultValue="1024/768" tooltip="" >
				<Label> ...     width of image(pixels):</Label>
				<List>
					<Option value="240/180"			> 240/180</Option>
					<Option value="320/240"			> 320/240</Option>
					<Option value="480/320"			> 480/320</Option>
					<Option value="640/480"			> 640/480 (low)</Option>
					<Option value="720/540"			> 720/540</Option>
					<Option value="1024/768"		> 1024/768 (med)</Option>
					<Option value="1080/810"		> 1080/810</Option>
					<Option value="1920/1440"		> 1920/1440 (high) </Option>
					<Option value="2048/1536"		> 2048/1536 (max)</Option>
				</List>
			</Field>

			<Field	   id="fileNameOfImage" type="textfield" defaultValue="/users/snapshot.jpeg" tooltip="" >
				<Label> ...     file name of image  use .jpeg:</Label>
			</Field>

			<Field	  id="getSnapshotFRomProtect" type="button" tooltip="" >
				<Label>--- Click to </Label><Title>Get Snapshot </Title><CallbackMethod>buttonSendCommandToProtectgetSnapshotCALLBACK</CallbackMethod>
			</Field>



			<Field id="simpleSeparator30" type="separator"/>

			<Field id="refreshCamconfigLab1" type="label" fontSize="large"> <Label>(Re)-load config from Protect into indigo:</Label>  </Field>

			<Field	  id="refreshCamconfigProtect" type="button" tooltip="" >
				<Label>Click to </Label><Title>REFRESH </Title><CallbackMethod>buttonrefreshProtectCameraSystemCALLBACK</CallbackMethod>
			</Field>

		</ConfigUI>
	</MenuItem>


	<MenuItem id="dActions"> <Name>-------------Actions	 ----------</Name><CallbackMethod>inpDummy</CallbackMethod></MenuItem>
	<MenuItem id="getBackupFilesFromControllerid">
		<Name>Copy controller backup files to indigo server pref dir</Name>
		<CallbackMethod>getBackupFilesFromController</CallbackMethod>
	</MenuItem>

	<MenuItem id="setDevicesOptimized">
		<Name>SET ALL  UniFi devices PROPS to .... </Name>
		<ConfigUI>
			<Field	  id="confirm11" type="button" tooltip="will set all WiFi devices to Optimized, IDLETIME = 30 secs or Uptime changed" >
				<Label>Change all Wifi devices to OPTIMIZED</Label><Title>CONFIRM </Title> <CallbackMethod>buttonConfirmSetWifiOptCALLBACK</CallbackMethod>
			</Field>
			<Field	  id="confirm12" type="button" tooltip="will set all WiFi devices to use IDLETIME , ideltime = 30 secs" >
				<Label>Change all Wifi devices to IDLE time</Label><Title>CONFIRM </Title> <CallbackMethod>buttonConfirmSetWifiIdleCALLBACK</CallbackMethod>
			</Field>
			<Field	  id="confirm13" type="button" tooltip="will set all WiFi devices to use Uptime must change" >
				<Label>Change all Wifi devices to UpTime changed</Label><Title>CONFIRM </Title> <CallbackMethod>buttonConfirmSetWifiUptimeCALLBACK</CallbackMethod>
			</Field>

			<Field id="simpleSeparator1" type="separator"/>

			<Field	  id="confirm23" type="button" tooltip="will set all non-WiFi devices to Opt DHCP AND SWITCH with DHCP age lt 60 secs OR SWITCH UPTIME must change" >
				<Label>Change all Non-Wifi devices to OPTIMIZED	 </Label><Title>CONFIRM </Title> <CallbackMethod>buttonConfirmSetNonWifiOptCALLBACK</CallbackMethod>
			</Field>
			<Field	  id="confirm24" type="button" tooltip="will set all non-WiFi devices to  SWITCH with SWITCH UPTIME must change" >
				<Label>Change all Non-Wifi devices to SWITCH</Label><Title>CONFIRM </Title> <CallbackMethod>buttonConfirmSetNonWifiToSwitchCALLBACK</CallbackMethod>
			</Field>
			<Field	  id="confirm25" type="button" tooltip="will set all non-WiFi devices to  DHCP with DHCP AGE lt 60 secs" >
				<Label>Change all Non-Wifi devices to DHCP</Label><Title>CONFIRM </Title> <CallbackMethod>buttonConfirmSetNonWifiToDHCPCALLBACK</CallbackMethod>
			</Field>

			<Field id="simpleSeparator22" type="separator"/>

			<Field	  id="confirm36" type="button" tooltip="" >
				<Label>Change all devices to USE PING for UP test</Label><Title>CONFIRM </Title> <CallbackMethod>buttonConfirmSetUsePingUPonCALLBACK</CallbackMethod>
			</Field>
			<Field	  id="confirm37" type="button" tooltip="" >
				<Label>Change all devices to NOT use PING for UP test</Label><Title>CONFIRM </Title> <CallbackMethod>buttonConfirmSetUsePingUPoffCALLBACK</CallbackMethod>
			</Field>

			<Field	  id="confirm38" type="button" tooltip="" >
				<Label>Change all devices to USE PING for DOWN test</Label><Title>CONFIRM </Title> <CallbackMethod>buttonConfirmSetUsePingDOWNonCALLBACK</CallbackMethod>
			</Field>
			<Field	  id="confirm39" type="button" tooltip="" >
				<Label>Change all devices to NOT use PING for DOWN test</Label><Title>CONFIRM </Title> <CallbackMethod>buttonConfirmSetUsePingDOWNoffCALLBACK</CallbackMethod>
			</Field>

			<Field id="simpleSeparator50" type="separator"/>

			<Field	  id="expirationTime"		type="menu"	 defaultValue="90" tooltip="">
				<Label>Set time for UP to DOWN to EXPIRED for ALL devices</Label>
				<List>
					<Option value="1"	 > 1  seconds (for testing)</Option>
					<Option value="10"	 >10  seconds (for testing)</Option>
					<Option value="20"	 >20  seconds (for testing)</Option>
					<Option value="30"	 >30  seconds </Option>
					<Option value="40"	 >40  seconds </Option>
					<Option value="60"	 >60  seconds </Option>
					<Option value="75"	 >75 seconds</Option>
					<Option value="90"	 >90 seconds</Option>
					<Option value="100"	 >100 seconds</Option>
					<Option value="120"	 >120 seconds</Option>
					<Option value="150"	 >150 seconds</Option>
					<Option value="180"	 > 3  minutes</Option>
					<Option value="240"	 > 4  minutes</Option>
					<Option value="300"	 > 5  minutes</Option>
					<Option value="360"	 > 6  minutes</Option>
					<Option value="420"	 > 7  minutes</Option>
					<Option value="490"	 > 8  minutes</Option>
					<Option value="540"	 > 9  minutes</Option>
					<Option value="600"	 >10  minutes</Option>
					<Option value="-1"	 >use common expiration time</Option>
				</List>
			</Field>
			<Field	  id="confirm50" type="button" tooltip="" >
				<Label>Change all devices to this exp time</Label><Title>CONFIRM </Title> <CallbackMethod>buttonConfirmSetExpTimeCALLBACK</CallbackMethod>
			</Field>
			<Field	  id="confirm51" type="button" tooltip="" >
				<Label>Change all devices to at least this MINUMUM exp time</Label><Title>CONFIRM </Title> <CallbackMethod>buttonConfirmSetExpTimeMinCALLBACK</CallbackMethod>
			</Field>


		</ConfigUI>
	</MenuItem>
	<MenuItem id="powerCyclePort">
		<Name>POWER cycle a port on a UniFi switch</Name>
		<ConfigUI>
			<Field	  id="onOffCycle" type="menu" tooltip="" >
				<List>
					<Option value="ON"		  >ON</Option>
					<Option value="OFF"		   >OFF</Option>
					<Option value="CYCLE"	   >CYCLE</Option>
				</List>
				<Label>which action</Label>
			</Field>
			<Field id="simpleSeparator0" type="separator"/>
			<Field	   id="selectedUnifiSwitch" type="menu" defaultValue="system">
				<Label>Select which switch:</Label>
				<List class="self" filter="" method="filterUnifiSwitch"	 dynamicReload="false"/>
			</Field>
			<Field	  id="confirmSW" type="button" tooltip="" >
				<Label>confirm SW</Label><Title>CONFIRM </Title> <CallbackMethod>buttonConfirmSWCALLBACK</CallbackMethod>
			</Field>
			<Field	   id="selectedUnifiSwitchPort" type="menu" defaultValue="1">
				<Label>select which port(#1..xx):</Label>
				<List class="self" filter="" method="filterUnifiSwitchPort"	 dynamicReload="yes"/>
			</Field>
			<Field	  id="confirmpowerCycle" type="button" tooltip="" >
				<Label>Click to</Label><Title>EXECUTE </Title> <CallbackMethod>buttonConfirmpowerCycleCALLBACK</CallbackMethod>
			</Field>
			<Field id="simpleSeparator2" type="separator"/>
			<Field	   id="selectedUnifiClientSwitchPort" type="menu" defaultValue="0">
				<Label>OR  select Unifi-CLient:</Label>
				<List class="self" filter="" method="filterUnifiClient"	 dynamicReload="no"/>
			</Field>
			<Field	  id="confirmpowerCycleClient" type="button" tooltip="" >
				<Label>Click to</Label><Title>EXECUTE </Title> <CallbackMethod>buttonConfirmpowerCycleClientsCALLBACK</CallbackMethod>
			</Field>
		</ConfigUI>
	</MenuItem>
	<MenuItem id="reconnectWiFiClient">
		<Name>Re-CONNECT a wifi client (kick)</Name>
		<ConfigUI>
			<Field	   id="selectedDevice" type="menu" defaultValue="0">
				<Label>select client Wifi device:</Label>
				<List class="self" filter="" method="filterWiFiDevice"	dynamicReload="no"/>
			</Field>
			<Field	  id="confirmReconnect" type="button" tooltip="" >
				<Label>Click to re-connect</Label><Title>EXECUTE </Title> <CallbackMethod>buttonConfirmReconnectCALLBACK</CallbackMethod>
			</Field>
		</ConfigUI>
	</MenuItem>

	<MenuItem id="blockClient">
		<Name>(UN) BLOCK a client</Name>
		<ConfigUI>
			<Field	   id="selectedDevice" type="menu" defaultValue="0">
				<Label>select UniFi-CLient device:</Label>
				<List class="self" filter="" method="filterMACunifiOnly"  dynamicReload="no"/>
			</Field>
			<Field	  id="confirmblock" type="button" tooltip="" >
				<Label>Click to block</Label><Title>EXECUTE </Title> <CallbackMethod>buttonConfirmBlockCALLBACK</CallbackMethod>
			</Field>
			<Field	  id="confirmUNblockt" type="button" tooltip="" >
				<Label>Click to un-block</Label><Title>EXECUTE </Title> <CallbackMethod>buttonConfirmUnBlockCALLBACK</CallbackMethod>
			</Field>
		</ConfigUI>
	</MenuItem>

	<MenuItem id="enableDisableUniFiAPDevice">
		<Name>EN-DISABLE - reboot a UniFi device </Name>
		<ConfigUI>
			<Field   id="MSG" type="textfield" defaultValue="ok" readonly ="true">
				<Label>MSG from plugin:</Label>
			</Field>

			<Field	id="Label01" type="label"> 
				<Label> This will disable(re enable) the functionality of the selected AP, like in the controller /Config/manage device/disable-enable </Label> 
			</Field>
			<Field	   id="apDeviceSelected" type="menu" defaultValue="system">
				<Label>select which device:</Label>
				<List class="self" filter="" method="filterAPdevices"  dynamicReload="false"/>
			</Field>
			<Field	  id="confirmE" type="button" tooltip="" >
				<Label>Click to ENABLE </Label><Title>CONFIRM </Title> <CallbackMethod>buttonConfirmEnableAPConllerCALLBACK</CallbackMethod>
			</Field>
			<Field	  id="confirmD" type="button" tooltip="" >
				<Label>Click to DISABLE </Label><Title>CONFIRM </Title> <CallbackMethod>buttonConfirmDisableAPConllerCALLBACK</CallbackMethod>
			</Field>

			<Field id="simpleSeparator1" type="separator"/>
			<Field	id="Label11" type="label"> 
				<Label> This will RE-PROVISION the selected unifi device</Label>
			</Field>
			<Field	   id="selectedUnifiDeviceProvision" type="menu" defaultValue="system">
				<Label>select which device:</Label>
				<List class="self" filter="" method="filterUNIFIsystemDevice"  dynamicReload="false"/>
			</Field>
			<Field	  id="confirmProvision" type="button" tooltip="" >
				<Label>Click to RESTART </Label><Title>CONFIRM </Title> <CallbackMethod>buttonConfirmProvisionUnifiDeviceConllerCALLBACK</CallbackMethod>
			</Field>

			<Field id="simpleSeparator2" type="separator"/>
			<Field	id="Label21" type="label"> 
				<Label> This will RESTART (through controller) the selected unifi device</Label>
			</Field>
			<Field	   id="selectedUnifiDevice" type="menu" defaultValue="system">
				<Label>select which device:</Label>
				<List class="self" filter="" method="filterUNIFIsystemDevice"  dynamicReload="false"/>
			</Field>
			<Field	  id="confirmRestart" type="button" tooltip="" >
				<Label>Click to RESTART </Label><Title>CONFIRM </Title> <CallbackMethod>buttonConfirmRestartUnifiDeviceConllerCALLBACK</CallbackMethod>
			</Field>

			<Field id="simpleSeparator5" type="separator"/>
			<Field	id="Label51" type="label"> 
				<Label> This will REBOOT (through ssh to device) the selected unifi device</Label>
			 </Field>
			<Field	   id="rebootUNIFIdeviceSelected" type="menu" defaultValue="system">
				<Label>select which device:</Label>
				<List class="self" filter="" method="filterUnifiDevices"  dynamicReload="false"/>
			</Field>
			<Field	  id="confirmReboot" type="button" tooltip="" >
				<Label>Click to reboot</Label><Title>CONFIRM </Title> <CallbackMethod>buttonConfirmrebootCALLBACK</CallbackMethod>
			</Field>
		</ConfigUI>
	</MenuItem>


	<MenuItem id="activateSuspendUnifiDevice">
		<Name>SUSPEND-ACTIVATE a UniFi system device (effects plugin only)</Name>
		<ConfigUI>
			<Field	id="Label01" type="label"> 
			<Label> This will make the plugin to ignore that unfi system device, will just not use it or change it </Label> </Field>
			<Field	   id="selectedDevice" type="menu" defaultValue="0">
				<Label>select Unifi system device:</Label>
				<List class="self" filter="" method="filterUNIFIsystemDeviceSuspend"  dynamicReload="no"/>
			</Field>
			<Field	  id="confirmSuspend" type="button" tooltip="" >
				<Label>Click to SUSPEND</Label><Title>EXECUTE </Title> <CallbackMethod>buttonConfirmsuspendCALLBACKbutton</CallbackMethod>
			</Field>
			<Field	  id="confirmActivate" type="button" tooltip="" >
				<Label>Click to re-ACTIVATE</Label><Title>EXECUTE </Title> <CallbackMethod>buttonConfirmactivateCALLBACKbutton</CallbackMethod>
			</Field>
		</ConfigUI>
	</MenuItem>


	<MenuItem id="APledONoff">
		<Name>Set AP LEDs ON/off</Name>
		<ConfigUI>
			<Field	  id="confirm1" type="button" tooltip="" >
				<Label>Click to switch all LEDs ON</Label><Title>EXECUTE </Title> <CallbackMethod>buttonConfirmAPledONControllerCALLBACK</CallbackMethod>
			</Field>
			<Field id="simpleSeparator1" type="separator"/>
			<Field	  id="confirm2" type="button" tooltip="" >
				<Label>Click to switch all LEDs off</Label><Title>EXECUTE </Title> <CallbackMethod>buttonConfirmAPledOFFControllerCALLBACK</CallbackMethod>
			</Field>
			<Field id="simpleSeparator2" type="separator"/>
			<Field	   id="selectedAPDevice" type="menu" defaultValue="0">
				<Label>select UniFi-AP device:</Label>
				<List class="self" filter="" method="filterMAConlyAP"  dynamicReload="no"/>
			</Field>
			<Field	  id="confirm3" type="button" tooltip="" >
				<Label>Click to blink LED ON</Label><Title>EXECUTE </Title> <CallbackMethod>buttonConfirmAPxledONControllerCALLBACK</CallbackMethod>
			</Field>
			<Field	  id="confirm4" type="button" tooltip="" >
				<Label>Click to switch LED off</Label><Title>EXECUTE </Title> <CallbackMethod>buttonConfirmAPxledOFFControllerCALLBACK</CallbackMethod>
			</Field>


		</ConfigUI>
	</MenuItem>




</MenuItems>
