<?xml version="1.0"?>
<MenuItems>

    <MenuItem id="printConfig">
        <Name>PRINT parameters to logfile </Name>
        <ConfigUI>

                <Field id="printConfig" type="button"> 
                    <Label>PRINT Config parameters to logfile </Label> 
                    <Title>CONFIRM</Title><CallbackMethod>printConfigMenu</CallbackMethod>
                </Field>

                <Field id="simpleSeparator1" type="separator"/>

                <Field id="confirmprintAllMACs" type="button" tooltip="a lot of lines !! " >
                    <Label>Print All info for all MAC numbers</Label>
                    <Title>CONFIRM</Title> <CallbackMethod>buttonprintALLMACsCALLBACK</CallbackMethod>
                </Field>

                <Field id="simpleSeparator2" type="separator"/>

                <Field id="PrintOverview" type="button"> 
                    <Label>PRINT overview info for UniFi devices to logfile </Label> 
                    <Title>CONFIRM</Title><CallbackMethod>printALLUNIFIsreducedMenue</CallbackMethod>
                </Field>

                <Field id="simpleSeparator3" type="separator"/>

                <Field id="printspecificmac" type="label">  <Label>PRINT all info for SPECIFIC MAC#</Label> </Field>
                <Field id="MACdeviceSelected" type="menu" defaultValue="">
                    <Label>select which MAC # / device:</Label>
                    <List class="self" filter="" method="filterMAC"  dynamicReload="false"/>
                </Field>
                <Field id="confirmStartLogging" type="button" tooltip="this gets reset after restart of the plugin" >
                    <Label>Click to  PRINT </Label>
                    <Title>CONFIRM</Title> <CallbackMethod>buttonConfirmPrintMACCALLBACK</CallbackMethod>
                </Field>

        </ConfigUI>
    </MenuItem>
    <MenuItem id="printDevInfoFromController">
        <Name>PRINT - get info from UniFi Controller DB</Name>
        <ConfigUI>
            <Field  id="Label01" type="label"> 
            <Label>Make sure that retention is set properly in MAINTENANCE in the controller
            and enable "use controller info mut NOT be off  </Label> </Field>
            <Field id="simpleSeparatorS" type="separator"/>

            <Field    id="confirm0" type="button" tooltip="" >
                <Label>Get _id into dev state ap_id  </Label><Title>EXECUTE</Title> <CallbackMethod>buttonConfirmGetAPDevInfoFromControllerCALLBACK</CallbackMethod>
            </Field>
            <Field id="simpleSeparator0" type="separator"/>

            <Field  id="Label1" type="label"> <Label>Print info for system devices:</Label> </Field>
            <Field     id="MACdeviceSelectedsys" type="menu" defaultValue="">
                <Label>select which MAC # / device:</Label>
                <List class="self" filter="" method="filterUNIFIsystemDevice"  dynamicReload="false"/>
            </Field>
            <Field    id="confirm1" type="button" tooltip="" >
                <Label>Click to  </Label><Title>PRINT</Title> <CallbackMethod>buttonConfirmPrintDevInfoFromControllerCALLBACK</CallbackMethod>
            </Field>
            <Field id="simpleSeparator1" type="separator"/>

            <Field  id="Label2" type="label"> <Label>Print info for CLIENT devices:</Label> </Field>
            <Field     id="MACdeviceSelectedclient" type="menu" defaultValue="">
                <Label>select which MAC # / device:</Label>
                <List class="self" filter="" method="filterMACunifiOnlyUP"  dynamicReload="false"/>
            </Field>
            <Field    id="confirm2" type="button" tooltip="" >
                <Label>Click to </Label><Title>PRINT</Title> <CallbackMethod>buttonConfirmPrintClientInfoFromControllerCALLBACK</CallbackMethod>
            </Field>

            <Field  id="Label21" type="label"> 
                <Label>                Does not work for type clients, ie gw, ap, sw
                       and long time expired devices = not in controller memory</Label> </Field>
            <Field id="simpleSeparator2" type="separator"/>

            <Field  id="Label3" type="label"> <Label>Print HEALTH info:</Label> </Field>
            <Field    id="confirm3" type="button" tooltip="" >
                <Label>Click to </Label><Title>PRINT</Title> <CallbackMethod>buttonConfirmPrintHealthInfoFromControllerCALLBACK</CallbackMethod>
            </Field>
            <Field id="simpleSeparator3" type="separator"/>

            <Field  id="Label4" type="label"> <Label>Print PortForward info:</Label> </Field>
            <Field    id="confirm4" type="button" tooltip="" >
                <Label>Click to </Label><Title>PRINT</Title> <CallbackMethod>buttonConfirmPrintPortForWardInfoFromControllerCALLBACK</CallbackMethod>
            </Field>
            <Field id="simpleSeparator4" type="separator"/>

            <Field  id="Label5" type="label"> <Label>Print user info:</Label> </Field>
            <Field    id="confirm5" type="button" tooltip="active users / clients" >
                <Label>Click to </Label><Title>PRINT</Title> <CallbackMethod>buttonConfirmPrintuserInfoFromControllerCALLBACK</CallbackMethod>
            </Field>
            <Field id="simpleSeparator5" type="separator"/>

            <Field  id="Label51" type="label"> <Label>Print all user info:</Label> </Field>
            <Field    id="confirm51" type="button" tooltip="includes expired users / clients" >
                <Label>Click to </Label><Title>PRINT</Title> <CallbackMethod>buttonConfirmPrintalluserInfoFromControllerCALLBACK</CallbackMethod>
            </Field>
            <Field id="simpleSeparator51" type="separator"/>

            <Field  id="Label6" type="label"> <Label>Print Alarm info:</Label> </Field>
            <Field    id="confirm6" type="button" tooltip="" >
                <Label>Click to </Label><Title>PRINT</Title> <CallbackMethod>buttonConfirmPrintAlarmInfoFromControllerCALLBACK</CallbackMethod>
            </Field>
            <Field id="simpleSeparator6" type="separator"/>

            <Field  id="Label7" type="label"> <Label>Print Events  (limited by retention set in controller):</Label> </Field>
            <Field     id="PrintEventInfoMaxEvents" type="menu" defaultValue="10">
                <Label>Maximum Number of events:</Label>
                <List>
                    <Option value="1"        >1</Option>
                    <Option value="2"        >2</Option>
                    <Option value="5"        >5</Option>
                    <Option value="10"       >10</Option>
                    <Option value="20"       >20</Option>
                    <Option value="100"      >100</Option>
                    <Option value="200"      >200</Option>
                    <Option value="500"      >500</Option>
                    <Option value="1000"     >1000</Option>
                    <Option value="2000"     >2000</Option>
                    <Option value="5000"     >5000</Option>
                    <Option value="999999999">all</Option>
                </List>
            </Field>
            <Field    id="PrintEventInfoLoginEvents" type="checkbox"  defaultValue="false"  > <Label>.. print LOGIN events:</Label>  </Field>
            
            <Field    id="confirm7" type="button" tooltip="" >
                <Label>Click to </Label><Title>PRINT</Title> <CallbackMethod>buttonConfirmPrintEventInfoFromControllerCALLBACK</CallbackMethod>
            </Field>
            <Field id="simpleSeparator7" type="separator"/>

            <Field  id="Label8" type="label"> <Label>Print 7 day stats:</Label> </Field>
            <Field    id="confirm8" type="button" tooltip="" >
                <Label>Click to </Label><Title>PRINT</Title> <CallbackMethod>buttonConfirmPrint7DayInfoFromControllerCALLBACK</CallbackMethod>
            </Field>
            <Field id="simpleSeparator8" type="separator"/>

            <Field  id="Label9" type="label"> <Label>Print 48 hour stats:</Label> </Field>
            <Field    id="confirm9" type="button" tooltip="" >
                <Label>Click to </Label><Title>PRINT</Title> <CallbackMethod>buttonConfirmPrint48HourInfoFromControllerCALLBACK</CallbackMethod>
            </Field>
            <Field id="simpleSeparator9" type="separator"/>

            <Field  id="Label91" type="label"> <Label>Print 5 Minutes stats:</Label> </Field>
            <Field    id="confirm91" type="button" tooltip="" >
                <Label>Click to </Label><Title>PRINT</Title> <CallbackMethod>buttonConfirmPrint5MinutesInfoFromControllerCALLBACK</CallbackMethod>
            </Field>
            <Field id="simpleSeparator91" type="separator"/>
            
            <Field  id="Label10" type="label"> <Label>Print W-lan Config (passwords will be printed!!):</Label> </Field>
            <Field    id="confirm10" type="button" tooltip="" >
                <Label>Click to </Label><Title>PRINT</Title> <CallbackMethod>buttonConfirmPrintWlanConfInfoFromControllerCALLBACK</CallbackMethod>
            </Field>

        </ConfigUI>
    </MenuItem>

    <MenuItem id="printDataStats">
        <Name>PRINT communication stats</Name>
        <CallbackMethod>buttonPrintStatsCALLBACK</CallbackMethod>
    </MenuItem>

    <MenuItem id="zeroDataStats">
        <Name> ... Zero stats</Name>
        <CallbackMethod>buttonZeroStatsCALLBACK</CallbackMethod>
    </MenuItem>

    <MenuItem id="logMACs">
        <Name>TRACK info for specific MAC in logfile</Name>
        <ConfigUI>
            <Field     id="MACdeviceSelected" type="menu" defaultValue="">
                <Label>select which MAC # / device:</Label>
                <List class="self" filter="" method="filterMAC"  dynamicReload="false"/>
            </Field>
            <Field    id="confirmStartLogging" type="button" tooltip="this gets reset after restart of the plugin" >
                <Label>Click to  START      Logging</Label><Title>CONFIRM</Title> <CallbackMethod>buttonConfirmStartLoggingCALLBACK</CallbackMethod>
            </Field>
            <Field    id="confirmStopLogging" type="button" tooltip="" >
                <Label>Click to  stop  ALL  Logging</Label><Title>CONFIRM</Title> <CallbackMethod>buttonConfirmStopLoggingCALLBACK</CallbackMethod>
            </Field>
        </ConfigUI>
    </MenuItem>
    <MenuItem id="ignoreMACs">
        <Name>(UN)IGNORE UniFi clients with specific MAC</Name>
        <ConfigUI>
        <Field id="ignoreLabel" type="label"> <Label>select MACs to COMPLETELY ignore:</Label>  </Field>
            <Field     id="MACdeviceSelected" type="menu" defaultValue="">
                <Label>select which MAC # / device:</Label>
                <List class="self" filter="" method="filterMACunifiAndCameraOnly"  dynamicReload="false"/>
            </Field>
            <Field    id="confirmIgnore" type="button" tooltip="this gets reset after restart of the plugin" >
                <Label>Click to  START  ignoring</Label><Title>CONFIRM</Title> <CallbackMethod>buttonConfirmStartIgnoringCALLBACK</CallbackMethod>
            </Field>
        <Field id="unignoreLabel" type="label"> <Label>select MACs to UN ignore:</Label>  </Field>
            <Field     id="MACdeviceIgnored" type="menu" defaultValue="">
                <Label>select which MAC # / device:</Label>
                <List class="self" filter="" method="filterMACunifiIgnored"  dynamicReload="false"/>
            </Field>
            <Field    id="confirmUnIgnore" type="button" tooltip="" >
                <Label>Click to  STOP  ignoring</Label><Title>CONFIRM</Title> <CallbackMethod>buttonConfirmStopIgnoringCALLBACK</CallbackMethod>
            </Field>
        </ConfigUI>
    </MenuItem>


    <MenuItem id="CameraActions">
        <Name>CAMERA Info and Settings, actions</Name>
        <ConfigUI>
            <Field     id="maxEvents" type="menu" defaultValue="10">
                <Label>Print, max number of events:</Label>
                 <List>
                    <Option value="5"     >5</Option>
                    <Option value="10"    >10</Option>
                    <Option value="20"    >20</Option>
                    <Option value="100"   >100</Option>
                    <Option value="200"   >200</Option>
                    <Option value="1000"  >1000</Option>
                    <Option value="2000"  >2000</Option>
                    <Option value="10000" >10000</Option>
                 </List>
            </Field>
            <Field    id="confirmSprint" type="button" tooltip="" >
                <Label>Click to</Label><Title>PRINT</Title><CallbackMethod>buttonprintCameraEventsCALLBACK</CallbackMethod>
            </Field>
            <Field id="simpleSeparator1" type="separator"/>
            <Field id="printLab1" type="label"> <Label>Reset stored camera event # to 0, ie if yo have replaced or initialized a camera:</Label>  </Field>
            <Field    id="resetCamevents" type="button" tooltip="" >
                <Label>Click to </Label><Title>RESET</Title><CallbackMethod>buttonresetCameraEventsCALLBACK</CallbackMethod>
            </Field>
            <Field id="simpleSeparator2" type="separator"/>
            <Field id="printsyslabel" type="label"> <Label>Print camera server system info:</Label>  </Field>
            <Field    id="printCamarasysinfo" type="button" tooltip="" >
                <Label>Click to </Label><Title>PRINT</Title><CallbackMethod>buttonPrintCameraSystemCALLBACK</CallbackMethod>
            </Field>
            <Field id="simpleSeparator3" type="separator"/>
            <Field id="printcamlabel" type="label"> <Label>Print camera config and info:</Label>  </Field>
            <Field    id="printCamarainfo" type="button" tooltip="" >
                <Label>Click to </Label><Title>PRINT</Title><CallbackMethod>buttonPrintCameraCALLBACK</CallbackMethod>
            </Field>
            <Field    id="stopVideoservice" type="button" tooltip="" >
                    <Label>Video service on unix box ==></Label><Title>STOP</Title><CallbackMethod>buttonstopVideoServiceCALLBACK</CallbackMethod>
             </Field>
            <Field    id="startVideoservice" type="button" tooltip="" >
                    <Label>Video service on unix box ==></Label><Title>START</Title><CallbackMethod>buttonstartVideoServiceCALLBACK</CallbackMethod>
            </Field>
            <Field id="simpleSeparatorMount" type="separator"/>
            <Field    id="mountOSXpath" type="button" tooltip="" >
                    <Label>Mount Video path/drive on unix box ==></Label><Title>MOUNT</Title><CallbackMethod>buttonMountOSXDriveOnVboxCALLBACK</CallbackMethod>
            </Field>
            <Field id="simpleSeparatorVD1" type="separator"/>
            <Field    id="VboxActionStartCALLBACK" type="button" tooltip="this will start vm box if not running" >
                    <Label>VirtualMachine box ==></Label><Title>START</Title><CallbackMethod>buttonVboxActionStartCALLBACK</CallbackMethod>
            </Field>
            <Field    id="VboxActionStopCALLBACK" type="button" tooltip="" >
                    <Label>VirtualMachine box ==></Label><Title>STOP</Title><CallbackMethod>buttonVboxActionStopCALLBACK</CallbackMethod>
            </Field>
            <Field    id="VboxActionCompressCALLBACK" type="button" tooltip=" this will stop, compress and restart vm box" >
                    <Label>VirtualMachine box ==></Label><Title>COMPRESS</Title><CallbackMethod>buttonVboxActionCompressCALLBACK</CallbackMethod>
            </Field>
            <Field    id="VboxActionBackupCALLBACK" type="button" tooltip=" this will stop, compress and restart vm box" >
                    <Label>VirtualMachine box ==></Label><Title>Backup</Title><CallbackMethod>buttonVboxActionBackupCALLBACK</CallbackMethod>
            </Field>
        </ConfigUI>
    </MenuItem>

    <MenuItem id="restartListeners">
        <Name>RESTART ... listeners  </Name>
        <ConfigUI>
                <Field    id="resetCam" type="button" tooltip="" >
                    <Label>Camera listener</Label><Title>Restart</Title><CallbackMethod>buttonRestartVDListenerCALLBACK</CallbackMethod>
                </Field>
            <Field id="simpleSeparatorCam" type="separator"/>
                <Field    id="resetGW" type="button" tooltip="" >
                    <Label>Gateway listener</Label><Title>Restart</Title><CallbackMethod>buttonRestartGWListenerCALLBACK</CallbackMethod>
                </Field>
            <Field id="simpleSeparatorGW" type="separator"/>
                <Field     id="pickAP" type="menu" defaultValue="0">
                    <Label>which AP# listener should be restarted</Label>
                     <List>
                        <Option value="0"    > #0</Option>
                        <Option value="1"    > #1</Option>
                        <Option value="2"    > #2</Option>
                        <Option value="3"    > #3</Option>
                        <Option value="4"    > #4</Option>
                    </List>
                </Field>
                <Field    id="resetAP" type="button" tooltip="" >
                    <Label>AP listener</Label><Title>Restart</Title><CallbackMethod>buttonRestartAPListenerCALLBACK</CallbackMethod>
                </Field>
            <Field id="simpleSeparatorAP" type="separator"/>
                <Field     id="pickSW" type="menu" defaultValue="0">
                    <Label>which SWP# listener should be restarted</Label>
                     <List>
                        <Option value="0"    > #0</Option>
                        <Option value="1"    > #1</Option>
                        <Option value="2"    > #2</Option>
                        <Option value="3"    > #3</Option>
                        <Option value="4"    > #4</Option>
                        <Option value="5"    > #5</Option>
                        <Option value="6"    > #6</Option>
                        <Option value="7"    > #7</Option>
                        <Option value="8"    > #8</Option>
                        <Option value="9"    > #9</Option>
                        <Option value="10"   > #10</Option>
                    </List>
                </Field>
                <Field    id="resetSW" type="button" tooltip="" >
                    <Label>Switch listener</Label><Title>Restart</Title><CallbackMethod>buttonRestartSWListenerCALLBACK</CallbackMethod>
                </Field>
        </ConfigUI>
    </MenuItem>



    <MenuItem id="addToGroups">
        <Name>Manage Groups</Name>
        <ConfigUI>
                <Field id="printGroups" type="button"> 
                    <Label>PRINT Groups </Label> 
                    <Title>CONFIRM</Title><CallbackMethod>printGroupsCALLBACK</CallbackMethod>
                </Field>

                <Field id="simpleSeparator00" type="separator"/>

                <Field id="simpleSeparator01" type="separator"/>
            <Field id="labeladdremovetypes" type="label"> <Label>ADD or remove devices types from to groups:</Label>  </Field>
            <Field     id="addRemoveGroupsWhichDevice" type="menu" defaultValue="system">
                <Label>select which type of device:</Label>
                 <List>
                    <Option value="system"    >system devices (AP, switch etc)</Option>
                    <Option value="neighbor"  >neighbor wifi routers etc </Option>
                    <Option value="wifi"      >regular devices connected though wifi </Option>
                    <Option value="LAN"       >regular devices connected though LAN  (not Wifi) </Option>
                </List>
            </Field>
            <Field     id="addRemoveGroupsWhichGroup" type="menu" defaultValue="0">
                <Label>select which Group you want to add to / remove from:</Label>
                <List class="self" filter="" method="filterGroupNoName"  dynamicReload="false"/>
            </Field>
            <Field    id="confirmadd" type="button" tooltip="" >
                <Label>Click to add</Label><Title>CONFIRM</Title> <CallbackMethod>buttonConfirmAddDevGroupCALLBACK</CallbackMethod>
            </Field>
            <Field    id="confirmrem" type="button" tooltip="" >
                <Label>Click to remove</Label><Title>CONFIRM</Title> <CallbackMethod>buttonConfirmRemDevGroupCALLBACK</CallbackMethod>
            </Field>

            <Field id="simpleSeparator10" type="separator"/>

            <Field id="simpleSeparator11" type="separator"/>
            <Field id="labeladdremove01" type="label"> <Label>ADD or remove individual devices from to groups:</Label>  </Field>

            <Field id="selectedGroup" type="menu" defaultValue="">
                <Label>select which GROUP:</Label>
                <List class="self" filter="" method="filterGroups"  dynamicReload="false"/>
            </Field>
            <Field id="confirmGroup" type="button" tooltip="" >
                <Label>Click to  select Group </Label>
                <Title>CONFIRM</Title> <CallbackMethod>buttonConfirmgroupCALLBACK</CallbackMethod>
            </Field>
            <Field id="simpleSeparator30" type="separator"/>
            <Field id="labeladdremove32" type="label"> <Label>REMOVE:</Label>  </Field>
            <Field id="removeALLGroupMembers" type="button" tooltip="" >
                <Label>Click to  REMOVE ALL group members</Label>
                <Title>CONFIRM</Title> <CallbackMethod>buttonConfirmremoveALLGroupMembersCALLBACK</CallbackMethod>
            </Field>
            <Field id="selectedGroupMemberIndigoIdremove" type="menu" tooltip="" >
                <Label>Click to  select group MEMBER </Label>
                <List class="self" filter="" method="filterGroupMembers"  dynamicReload="false"/>
            </Field>
            <Field id="removeGroupMember" type="button" tooltip="" >
                <Label>Click to  REMOVE group member</Label>
                <Title>CONFIRM</Title> <CallbackMethod>buttonConfirmremoveGroupMemberCALLBACK</CallbackMethod>
            </Field>
            <Field id="simpleSeparator40" type="separator"/>
            <Field id="labeladdremove42" type="label"> <Label>ADD:</Label>  </Field>
            <Field id="selectedGroupMemberIndigoIdadd" type="menu" tooltip="" >
                <Label>Click to  select group MEMBER to add </Label>
                <List class="self" filter="" method="filterDevicesToAddToGroup"  dynamicReload="false"/>
            </Field>
            <Field id="addGroupMember" type="button" tooltip="" >
                <Label>Click to  ADD group member</Label>
                <Title>CONFIRM</Title> <CallbackMethod>buttonConfirmADDGroupMemberCALLBACK</CallbackMethod>
            </Field>

        </ConfigUI>
    </MenuItem>


    <MenuItem id="dAC"> <Name>-------------Actions   ----------</Name><CallbackMethod>inpDummy</CallbackMethod></MenuItem>
    <MenuItem id="setDevicesOptimized">
        <Name>SET ALL  UniFi devices PROPS to .... </Name>
        <ConfigUI>
            <Field    id="confirm11" type="button" tooltip="will set all WiFi devices to Optimized, IDLETIME = 30 secs or Uptime changed" >
                <Label>Change all Wifi devices to OPTIMIZED</Label><Title>CONFIRM</Title> <CallbackMethod>buttonConfirmSetWifiOptCALLBACK</CallbackMethod>
            </Field>
            <Field    id="confirm12" type="button" tooltip="will set all WiFi devices to use IDLETIME , ideltime = 30 secs" >
                <Label>Change all Wifi devices to IDLE time</Label><Title>CONFIRM</Title> <CallbackMethod>buttonConfirmSetWifiIdleCALLBACK</CallbackMethod>
            </Field>
            <Field    id="confirm13" type="button" tooltip="will set all WiFi devices to use Uptime must change" >
                <Label>Change all Wifi devices to UpTime changed</Label><Title>CONFIRM</Title> <CallbackMethod>buttonConfirmSetWifiUptimeCALLBACK</CallbackMethod>
            </Field>

            <Field id="simpleSeparator1" type="separator"/>

            <Field    id="confirm3" type="button" tooltip="will set all non-WiFi devices to Opt DHCP AND SWITCH with DHCP age lt 60 secs OR SWITCH UPTIME must change" >
                <Label>Change all Non-Wifi devices to OPTIMIZED  </Label><Title>CONFIRM</Title> <CallbackMethod>buttonConfirmSetNonWifiOptCALLBACK</CallbackMethod>
            </Field>
            <Field    id="confirm4" type="button" tooltip="will set all non-WiFi devices to  SWITCH with SWITCH UPTIME must change" >
                <Label>Change all Non-Wifi devices to SWITCH</Label><Title>CONFIRM</Title> <CallbackMethod>buttonConfirmSetNonWifiToSwitchCALLBACK</CallbackMethod>
            </Field>
            <Field    id="confirm5" type="button" tooltip="will set all non-WiFi devices to  DHCP with DHCP AGE lt 60 secs" >
                <Label>Change all Non-Wifi devices to DHCP</Label><Title>CONFIRM</Title> <CallbackMethod>buttonConfirmSetNonWifiToDHCPCALLBACK</CallbackMethod>
            </Field>

            <Field id="simpleSeparator2" type="separator"/>

            <Field    id="confirm6" type="button" tooltip="" >
                <Label>Change all devices to USE PING for UP test</Label><Title>CONFIRM</Title> <CallbackMethod>buttonConfirmSetUsePingUPonCALLBACK</CallbackMethod>
            </Field>
            <Field    id="confirm7" type="button" tooltip="" >
                <Label>Change all devices to NOT use PING for UP test</Label><Title>CONFIRM</Title> <CallbackMethod>buttonConfirmSetUsePingUPoffCALLBACK</CallbackMethod>
            </Field>

            <Field    id="confirm8" type="button" tooltip="" >
                <Label>Change all devices to USE PING for DOWN test</Label><Title>CONFIRM</Title> <CallbackMethod>buttonConfirmSetUsePingDOWNonCALLBACK</CallbackMethod>
            </Field>
            <Field    id="confirm9" type="button" tooltip="" >
                <Label>Change all devices to NOT use PING for DOWN test</Label><Title>CONFIRM</Title> <CallbackMethod>buttonConfirmSetUsePingDOWNoffCALLBACK</CallbackMethod>
            </Field>

            <Field id="simpleSeparator10" type="separator"/>

            <Field    id="expirationTime"       type="menu"  defaultValue="90" tooltip="">
                <Label>Set time for UP to DOWN to EXPIRED for ALL devices</Label>
                <List>
                    <Option value="1"    > 1  seconds (for testing)</Option>
                    <Option value="10"   >10  seconds (for testing)</Option>
                    <Option value="20"   >20  seconds (for testing)</Option>
                    <Option value="30"   >30  seconds </Option>
                    <Option value="40"   >40  seconds </Option>
                    <Option value="60"   >60  seconds </Option>
                    <Option value="75"   >75 seconds</Option>
                    <Option value="90"   >90 seconds</Option>
                    <Option value="100"  >100 seconds</Option>
                    <Option value="120"  >120 seconds</Option>
                    <Option value="150"  >150 seconds</Option>
                    <Option value="180"  > 3  minutes</Option>
                    <Option value="240"  > 4  minutes</Option>
                    <Option value="300"  > 5  minutes</Option>
                    <Option value="360"  > 6  minutes</Option>
                    <Option value="420"  > 7  minutes</Option>
                    <Option value="490"  > 8  minutes</Option>
                    <Option value="540"  > 9  minutes</Option>
                    <Option value="600"  >10  minutes</Option>
                    <Option value="-1"   >use common expiration time</Option>
                </List>
            </Field>
            <Field    id="confirm10" type="button" tooltip="" >
                <Label>Change all devices to this exp time</Label><Title>CONFIRM</Title> <CallbackMethod>buttonConfirmSetExpTimeCALLBACK</CallbackMethod>
            </Field>


        </ConfigUI>
    </MenuItem>
    <MenuItem id="powerCyclePort">
        <Name>POWER cycle a port on a UniFi switch</Name>
        <ConfigUI>
            <Field    id="onOffCycle" type="menu" tooltip="" >
                <List>
                    <Option value="ON"        >ON</Option>
                    <Option value="OFF"        >OFF</Option>
                    <Option value="CYCLE"      >CYCLE</Option>
                </List>
                <Label>which action</Label>
            </Field>
            <Field id="simpleSeparator0" type="separator"/>
            <Field     id="selectedUnifiSwitch" type="menu" defaultValue="system">
                <Label>Select which switch:</Label>
                <List class="self" filter="" method="filterUnifiSwitch"  dynamicReload="false"/>
            </Field>
            <Field    id="confirmSW" type="button" tooltip="" >
                <Label>confirm SW</Label><Title>CONFIRM</Title> <CallbackMethod>buttonConfirmSWCALLBACK</CallbackMethod>
            </Field>
            <Field     id="selectedUnifiSwitchPort" type="menu" defaultValue="1">
                <Label>select which port(#1..xx):</Label>
                <List class="self" filter="" method="filterUnifiSwitchPort"  dynamicReload="yes"/>
            </Field>
            <Field    id="confirmpowerCycle" type="button" tooltip="" >
                <Label>Click to</Label><Title>EXECUTE</Title> <CallbackMethod>buttonConfirmpowerCycleCALLBACK</CallbackMethod>
            </Field>
            <Field id="simpleSeparator2" type="separator"/>
            <Field     id="selectedUnifiClientSwitchPort" type="menu" defaultValue="0">
                <Label>OR  select Unifi-CLient:</Label>
                <List class="self" filter="" method="filterUnifiClient"  dynamicReload="no"/>
            </Field>
            <Field    id="confirmpowerCycleClient" type="button" tooltip="" >
                <Label>Click to</Label><Title>EXECUTE</Title> <CallbackMethod>buttonConfirmpowerCycleClientsCALLBACK</CallbackMethod>
            </Field>
        </ConfigUI>
    </MenuItem>
    <MenuItem id="reconnectWiFiDevice">
        <Name>Re-CONNECT a wifi device</Name>
        <ConfigUI>
            <Field     id="selectedDevice" type="menu" defaultValue="0">
                <Label>select UniFi-CLient Wifi device:</Label>
                <List class="self" filter="" method="filterWiFiDevice"  dynamicReload="no"/>
            </Field>
            <Field    id="confirmReconnect" type="button" tooltip="" >
                <Label>Click to re-connect</Label><Title>EXECUTE</Title> <CallbackMethod>buttonConfirmReconnectCALLBACK</CallbackMethod>
            </Field>
        </ConfigUI>
    </MenuItem>

    <MenuItem id="blockDevice">
        <Name>(UN) BLOCK a device / client</Name>
        <ConfigUI>
            <Field     id="selectedDevice" type="menu" defaultValue="0">
                <Label>select UniFi-CLient device:</Label>
                <List class="self" filter="" method="filterMACunifiOnly"  dynamicReload="no"/>
            </Field>
            <Field    id="confirmblock" type="button" tooltip="" >
                <Label>Click to block</Label><Title>EXECUTE</Title> <CallbackMethod>buttonConfirmBlockCALLBACK</CallbackMethod>
            </Field>
            <Field    id="confirmUNblockt" type="button" tooltip="" >
                <Label>Click to un-block</Label><Title>EXECUTE</Title> <CallbackMethod>buttonConfirmUnBlockCALLBACK</CallbackMethod>
            </Field>
        </ConfigUI>
    </MenuItem>

    <MenuItem id="rebootUNIFIdevice">
        <Name>REBOOT a UniFi system device </Name>
        <ConfigUI>
            <Field     id="rebootUNIFIdeviceSelected" type="menu" defaultValue="system">
                <Label>select which device:</Label>
                <List class="self" filter="" method="filterUnifiDevices"  dynamicReload="false"/>
            </Field>
            <Field    id="confirmReboot" type="button" tooltip="" >
                <Label>Click to reboot</Label><Title>CONFIRM</Title> <CallbackMethod>buttonConfirmrebootCALLBACK</CallbackMethod>
            </Field>
        </ConfigUI>
    </MenuItem>


    <MenuItem id="enableDisableUniFiAPDevice">
        <Name>EN-DISABLE a UniFi AP device </Name>
        <ConfigUI>
            <Field  id="Label01" type="label"> 
            <Label> This will disable(re enable) the functionality of the selected AP, like in the controller /Config/managedevcie/disable-enable </Label> </Field>
            <Field     id="apDeviceSelected" type="menu" defaultValue="system">
                <Label>select which device:</Label>
                <List class="self" filter="" method="filterAPdevices"  dynamicReload="false"/>
            </Field>
            <Field    id="confirmE" type="button" tooltip="" >
                <Label>Click to ENABLE </Label><Title>CONFIRM</Title> <CallbackMethod>buttonConfirmEnableAPConllerCALLBACK</CallbackMethod>
            </Field>
            <Field    id="confirmD" type="button" tooltip="" >
                <Label>Click to DISABLE </Label><Title>CONFIRM</Title> <CallbackMethod>buttonConfirmDisableAPConllerCALLBACK</CallbackMethod>
            </Field>
        </ConfigUI>
    </MenuItem>


    <MenuItem id="activateSuspendUnifiDevice">
        <Name>SUSPEND-ACTIVATE a UniFi system device (effects plugin only)</Name>
        <ConfigUI>
            <Field  id="Label01" type="label"> 
            <Label> This will make the plugin to ignore that unfi system device, will just not use it or change it </Label> </Field>
            <Field     id="selectedDevice" type="menu" defaultValue="0">
                <Label>select Unifi system device:</Label>
                <List class="self" filter="" method="filterUNIFIsystemDeviceSuspend"  dynamicReload="no"/>
            </Field>
            <Field    id="confirmSuspend" type="button" tooltip="" >
                <Label>Click to SUSPEND</Label><Title>EXECUTE</Title> <CallbackMethod>buttonConfirmsuspendCALLBACKbutton</CallbackMethod>
            </Field>
            <Field    id="confirmActivate" type="button" tooltip="" >
                <Label>Click to re-ACTIVATE</Label><Title>EXECUTE</Title> <CallbackMethod>buttonConfirmactivateCALLBACKbutton</CallbackMethod>
            </Field>
        </ConfigUI>
    </MenuItem>


    <MenuItem id="APledON">
        <Name>Set AP LEDs ON/off</Name>
        <ConfigUI>
            <Field    id="confirm1" type="button" tooltip="" >
                <Label>Click to switch all LEDs ON</Label><Title>EXECUTE</Title> <CallbackMethod>buttonConfirmAPledONControllerCALLBACK</CallbackMethod>
            </Field>
            <Field id="simpleSeparator1" type="separator"/>
            <Field    id="confirm2" type="button" tooltip="" >
                <Label>Click to switch all LEDs off</Label><Title>EXECUTE</Title> <CallbackMethod>buttonConfirmAPledOFFControllerCALLBACK</CallbackMethod>
            </Field>
            <Field id="simpleSeparator2" type="separator"/>
            <Field     id="selectedAPDevice" type="menu" defaultValue="0">
                <Label>select UniFi-AP device:</Label>
                <List class="self" filter="" method="filterMAConlyAP"  dynamicReload="no"/>
            </Field>
            <Field    id="confirm3" type="button" tooltip="" >
                <Label>Click to blink LED ON</Label><Title>EXECUTE</Title> <CallbackMethod>buttonConfirmAPxledONControllerCALLBACK</CallbackMethod>
            </Field>
            <Field    id="confirm4" type="button" tooltip="" >
                <Label>Click to switch LED off</Label><Title>EXECUTE</Title> <CallbackMethod>buttonConfirmAPxledOFFControllerCALLBACK</CallbackMethod>
            </Field>
        </ConfigUI>
    </MenuItem>




</MenuItems>
