<?xml version="1.0"?>
<MenuItems>
  <MenuItem id="dPR"> <Name>-------------PRINT/ignore   ---------</Name><CallbackMethod>inpDummy</CallbackMethod></MenuItem>

    <MenuItem id="printConfig">
        <Name>Print Config parameters to logfile </Name>
        <CallbackMethod>printConfigMenu</CallbackMethod>
    </MenuItem>
    <MenuItem id="printALLMACMenue">
        <Name>Print ALL info for ALL devices to logfile .. a lot of lines !!!</Name>
        <ConfigUI>
            <Field    id="confirmprintAllMACs" type="button" tooltip="a lot of lines !! " >
                <Label>Click to  PRINT  !!! a lot of lines !!! </Label><Title>CONFIRM</Title> <CallbackMethod>buttonprintALLMACsCALLBACK</CallbackMethod>
            </Field>
        </ConfigUI>
    </MenuItem>
    <MenuItem id="printALLUNIFIsreduced">
        <Name>Print overview info for UNIFI devices to logfile </Name>
        <CallbackMethod>printALLUNIFIsreducedMenue</CallbackMethod>
    </MenuItem>
    <MenuItem id="prinMAC">
        <Name>Print all info for SPECIFIC MAC#</Name>
        <ConfigUI>
            <Field     id="MACdeviceSelected" type="menu" defaultValue="">
                <Label>select which MAC # / device:</Label>
                <List class="self" filter="" method="filterMAC"  dynamicReload="false"/>
            </Field>
            <Field    id="confirmStartLogging" type="button" tooltip="this gets reset after restart of the plugin" >
                <Label>Click to  PRINT </Label><Title>CONFIRM</Title> <CallbackMethod>buttonConfirmPrintMACCALLBACK</CallbackMethod>
            </Field>
        </ConfigUI>
    </MenuItem>

    <MenuItem id="printDevInfoFromController">
        <Name>Print info from UniFi Controller DB</Name>
        <ConfigUI>
            <Field  id="Label01" type="label"> 
            <Label>Make sure that retention is set properly in MAINTENANCE in the controller
            and enable "use controller info mut NOT be off  </Label> </Field>
            <Field id="simpleSeparator0" type="separator"/>

            <Field  id="Label1" type="label"> <Label>Print info for system devices:</Label> </Field>
            <Field     id="MACdeviceSelectedsys" type="menu" defaultValue="">
                <Label>select which MAC # / device:</Label>
                <List class="self" filter="" method="filterUNIFIsystemDevice"  dynamicReload="false"/>
            </Field>
            <Field    id="confirm1" type="button" tooltip="" >
                <Label>Click to  </Label><Title>PRINT</Title> <CallbackMethod>buttonConfirmPrintDevInfoFromControllerCALLBACK</CallbackMethod>
            </Field>
            <Field id="simpleSeparator1" type="separator"/>

            <Field  id="Label2" type="label"> <Label>Print info for CLIENT devices:</Label> </Field>
            <Field     id="MACdeviceSelectedclient" type="menu" defaultValue="">
                <Label>select which MAC # / device:</Label>
                <List class="self" filter="" method="filterMACunifiOnlyUP"  dynamicReload="false"/>
            </Field>
            <Field    id="confirm2" type="button" tooltip="" >
                <Label>Click to </Label><Title>PRINT</Title> <CallbackMethod>buttonConfirmPrintClientInfoFromControllerCALLBACK</CallbackMethod>
            </Field>

            <Field  id="Label21" type="label"> 
<Label>                Does not work for type clients, ie gw, ap, sw
                       and long time expired devices = not in controller memory</Label> </Field>
            <Field id="simpleSeparator2" type="separator"/>

            <Field  id="Label3" type="label"> <Label>Print HEALTH info:</Label> </Field>
            <Field    id="confirm3" type="button" tooltip="" >
                <Label>Click to </Label><Title>PRINT</Title> <CallbackMethod>buttonConfirmPrintHealthInfoFromControllerCALLBACK</CallbackMethod>
            </Field>
            <Field id="simpleSeparator3" type="separator"/>

            <Field  id="Label4" type="label"> <Label>Print PortForward info:</Label> </Field>
            <Field    id="confirm4" type="button" tooltip="" >
                <Label>Click to </Label><Title>PRINT</Title> <CallbackMethod>buttonConfirmPrintPortForWardInfoFromControllerCALLBACK</CallbackMethod>
            </Field>
            <Field id="simpleSeparator4" type="separator"/>

            <Field  id="Label5" type="label"> <Label>Print user info:</Label> </Field>
            <Field    id="confirm5" type="button" tooltip="active users / clients" >
                <Label>Click to </Label><Title>PRINT</Title> <CallbackMethod>buttonConfirmPrintuserInfoFromControllerCALLBACK</CallbackMethod>
            </Field>
            <Field id="simpleSeparator5" type="separator"/>

            <Field  id="Label51" type="label"> <Label>Print all user info:</Label> </Field>
            <Field    id="confirm51" type="button" tooltip="includes expired users / clients" >
                <Label>Click to </Label><Title>PRINT</Title> <CallbackMethod>buttonConfirmPrintalluserInfoFromControllerCALLBACK</CallbackMethod>
            </Field>
            <Field id="simpleSeparator51" type="separator"/>

            <Field  id="Label6" type="label"> <Label>Print Alarm info:</Label> </Field>
            <Field    id="confirm6" type="button" tooltip="" >
                <Label>Click to </Label><Title>PRINT</Title> <CallbackMethod>buttonConfirmPrintAlarmInfoFromControllerCALLBACK</CallbackMethod>
            </Field>
            <Field id="simpleSeparator6" type="separator"/>

            <Field  id="Label7" type="label"> <Label>Print Events  (limited by retention set in controller):</Label> </Field>
            <Field     id="PrintEventInfoMaxEvents" type="menu" defaultValue="10">
                <Label>Maximum Number of events:</Label>
                <List>
                    <Option value="1"        >1</Option>
                    <Option value="2"        >2</Option>
                    <Option value="5"        >5</Option>
                    <Option value="10"       >10</Option>
                    <Option value="20"       >20</Option>
                    <Option value="100"      >100</Option>
                    <Option value="200"      >200</Option>
                    <Option value="500"      >500</Option>
                    <Option value="1000"     >1000</Option>
                    <Option value="2000"     >2000</Option>
                    <Option value="5000"     >5000</Option>
                    <Option value="999999999">all</Option>
                </List>
            </Field>
            <Field    id="PrintEventInfoLoginEvents" type="checkbox"  defaultValue="false"  > <Label>.. print LOGIN events:</Label>  </Field>
            
            <Field    id="confirm7" type="button" tooltip="" >
                <Label>Click to </Label><Title>PRINT</Title> <CallbackMethod>buttonConfirmPrintEventInfoFromControllerCALLBACK</CallbackMethod>
            </Field>
            <Field id="simpleSeparator7" type="separator"/>

            <Field  id="Label8" type="label"> <Label>Print 7 day stats:</Label> </Field>
            <Field    id="confirm8" type="button" tooltip="" >
                <Label>Click to </Label><Title>PRINT</Title> <CallbackMethod>buttonConfirmPrint7DayInfoFromControllerCALLBACK</CallbackMethod>
            </Field>
            <Field id="simpleSeparator8" type="separator"/>

            <Field  id="Label9" type="label"> <Label>Print 48 hour stats:</Label> </Field>
            <Field    id="confirm9" type="button" tooltip="" >
                <Label>Click to </Label><Title>PRINT</Title> <CallbackMethod>buttonConfirmPrint48HourInfoFromControllerCALLBACK</CallbackMethod>
            </Field>
            <Field id="simpleSeparator9" type="separator"/>

            <Field  id="Label91" type="label"> <Label>Print 5 Minutes stats:</Label> </Field>
            <Field    id="confirm91" type="button" tooltip="" >
                <Label>Click to </Label><Title>PRINT</Title> <CallbackMethod>buttonConfirmPrint5MinutesInfoFromControllerCALLBACK</CallbackMethod>
            </Field>
            <Field id="simpleSeparator91" type="separator"/>
            
            <Field  id="Label10" type="label"> <Label>Print W-lan Config (passwords will be printed!!):</Label> </Field>
            <Field    id="confirm10" type="button" tooltip="" >
                <Label>Click to </Label><Title>PRINT</Title> <CallbackMethod>buttonConfirmPrintWlanConfInfoFromControllerCALLBACK</CallbackMethod>
            </Field>

        </ConfigUI>
    </MenuItem>

    <MenuItem id="printDataStats">
        <Name>Print communication stats</Name>
        <CallbackMethod>buttonPrintStatsCALLBACK</CallbackMethod>
    </MenuItem>

    <MenuItem id="zeroDataStats">
        <Name> ... Zero stats</Name>
        <CallbackMethod>buttonZeroStatsCALLBACK</CallbackMethod>
    </MenuItem>

    <MenuItem id="logMACs">
        <Name>Track info for specific MAC in logfile</Name>
        <ConfigUI>
            <Field     id="MACdeviceSelected" type="menu" defaultValue="">
                <Label>select which MAC # / device:</Label>
                <List class="self" filter="" method="filterMAC"  dynamicReload="false"/>
            </Field>
            <Field    id="confirmStartLogging" type="button" tooltip="this gets reset after restart of the plugin" >
                <Label>Click to  START      Logging</Label><Title>CONFIRM</Title> <CallbackMethod>buttonConfirmStartLoggingCALLBACK</CallbackMethod>
            </Field>
            <Field    id="confirmStopLogging" type="button" tooltip="" >
                <Label>Click to  stop  ALL  Logging</Label><Title>CONFIRM</Title> <CallbackMethod>buttonConfirmStopLoggingCALLBACK</CallbackMethod>
            </Field>
        </ConfigUI>
    </MenuItem>
    <MenuItem id="ignoreMACs">
        <Name>(UN)Ignore UniFi clients with specific MAC</Name>
        <ConfigUI>
        <Field id="ignoreLabel" type="label"> <Label>select MACs to COMPLETELY ignore:</Label>  </Field>
            <Field     id="MACdeviceSelected" type="menu" defaultValue="">
                <Label>select which MAC # / device:</Label>
                <List class="self" filter="" method="filterMACunifiOnly"  dynamicReload="false"/>
            </Field>
            <Field    id="confirmIgnore" type="button" tooltip="this gets reset after restart of the plugin" >
                <Label>Click to  START  ignoring</Label><Title>CONFIRM</Title> <CallbackMethod>buttonConfirmStartIgnoringCALLBACK</CallbackMethod>
            </Field>
        <Field id="unignoreLabel" type="label"> <Label>select MACs to UN ignore:</Label>  </Field>
            <Field     id="MACdeviceIgnored" type="menu" defaultValue="">
                <Label>select which MAC # / device:</Label>
                <List class="self" filter="" method="filterMACunifiIgnored"  dynamicReload="false"/>
            </Field>
            <Field    id="confirmUnIgnore" type="button" tooltip="" >
                <Label>Click to  STOP  ignoring</Label><Title>CONFIRM</Title> <CallbackMethod>buttonConfirmStopIgnoringCALLBACK</CallbackMethod>
            </Field>
        </ConfigUI>
    </MenuItem>


  <MenuItem id="dGR"> <Name>-------------Groups   ----------</Name><CallbackMethod>inpDummy</CallbackMethod></MenuItem>

    <MenuItem id="addToGroups">
        <Name>Add or remove device types from to groups</Name>
        <ConfigUI>
            <Field     id="addRemoveGroupsWhichDevice" type="menu" defaultValue="system">
                <Label>select which type of device:</Label>
                 <List>
                    <Option value="system"    >system devices (AP, switch etc)</Option>
                    <Option value="neighbor"  >neighbor wifi routers etc </Option>
                    <Option value="wifi"      >regular devices connected though wifi </Option>
                    <Option value="LAN"       >regular devices connected though LAN  (not Wifi) </Option>
                </List>
            </Field>
            <Field     id="addRemoveGroupsWhichGroup" type="menu" defaultValue="0">
                <Label>select which Group you want to add to / remove from:</Label>
                 <List>
                    <Option value="Group0"    >group0</Option>
                    <Option value="Group1"    >group1</Option>
                    <Option value="Group2"    >group2</Option>
                    <Option value="Group3"    >group3</Option>
                    <Option value="Group4"    >group4</Option>
                    <Option value="Group5"    >group5</Option>
                    <Option value="Group6"    >group6</Option>
                    <Option value="Group7"    >group7</Option>
                    <Option value="Group8"    >group8</Option>
                    <Option value="Group9"    >group9</Option>
                </List>
            </Field>
            <Field    id="confirmadd" type="button" tooltip="" >
                <Label>Click to add</Label><Title>CONFIRM</Title> <CallbackMethod>buttonConfirmAddDevGroupCALLBACK</CallbackMethod>
            </Field>
            <Field    id="confirmrem" type="button" tooltip="" >
                <Label>Click to remove</Label><Title>CONFIRM</Title> <CallbackMethod>buttonConfirmRemDevGroupCALLBACK</CallbackMethod>
            </Field>
        </ConfigUI>
    </MenuItem>


    <MenuItem id="dAC"> <Name>-------------Actions   ----------</Name><CallbackMethod>inpDummy</CallbackMethod></MenuItem>
    <MenuItem id="setDevicesOptimized">
        <Name>Set all UniFi devices props to .... </Name>
        <ConfigUI>
            <Field    id="confirm11" type="button" tooltip="will set all WiFi devices to Optimized, IDLETIME = 30 secs or Uptime changed" >
                <Label>Change all Wifi devices to OPTIMIZED</Label><Title>CONFIRM</Title> <CallbackMethod>buttonConfirmSetWifiOptCALLBACK</CallbackMethod>
            </Field>
            <Field    id="confirm12" type="button" tooltip="will set all WiFi devices to use IDLETIME , ideltime = 30 secs" >
                <Label>Change all Wifi devices to IDLE time</Label><Title>CONFIRM</Title> <CallbackMethod>buttonConfirmSetWifiIdleCALLBACK</CallbackMethod>
            </Field>
            <Field    id="confirm13" type="button" tooltip="will set all WiFi devices to use Uptime must change" >
                <Label>Change all Wifi devices to UpTime changed</Label><Title>CONFIRM</Title> <CallbackMethod>buttonConfirmSetWifiUptimeCALLBACK</CallbackMethod>
            </Field>

            <Field id="simpleSeparator1" type="separator"/>

            <Field    id="confirm3" type="button" tooltip="will set all non-WiFi devices to Opt DHCP AND SWITCH with DHCP age lt 60 secs OR SWITCH UPTIME must change" >
                <Label>Change all Non-Wifi devices to OPTIMIZED  </Label><Title>CONFIRM</Title> <CallbackMethod>buttonConfirmSetNonWifiOptCALLBACK</CallbackMethod>
            </Field>
            <Field    id="confirm4" type="button" tooltip="will set all non-WiFi devices to  SWITCH with SWITCH UPTIME must change" >
                <Label>Change all Non-Wifi devices to SWITCH</Label><Title>CONFIRM</Title> <CallbackMethod>buttonConfirmSetNonWifiToSwitchCALLBACK</CallbackMethod>
            </Field>
            <Field    id="confirm5" type="button" tooltip="will set all non-WiFi devices to  DHCP with DHCP AGE lt 60 secs" >
                <Label>Change all Non-Wifi devices to DHCP</Label><Title>CONFIRM</Title> <CallbackMethod>buttonConfirmSetNonWifiToDHCPCALLBACK</CallbackMethod>
            </Field>

            <Field id="simpleSeparator2" type="separator"/>

            <Field    id="confirm6" type="button" tooltip="" >
                <Label>Change all devices to USE PING for UP test</Label><Title>CONFIRM</Title> <CallbackMethod>buttonConfirmSetUsePingUPonCALLBACK</CallbackMethod>
            </Field>
            <Field    id="confirm7" type="button" tooltip="" >
                <Label>Change all devices to NOT use PING for UP test</Label><Title>CONFIRM</Title> <CallbackMethod>buttonConfirmSetUsePingUPoffCALLBACK</CallbackMethod>
            </Field>

            <Field    id="confirm8" type="button" tooltip="" >
                <Label>Change all devices to USE PING for DOWN test</Label><Title>CONFIRM</Title> <CallbackMethod>buttonConfirmSetUsePingDOWNonCALLBACK</CallbackMethod>
            </Field>
            <Field    id="confirm9" type="button" tooltip="" >
                <Label>Change all devices to NOT use PING for DOWN test</Label><Title>CONFIRM</Title> <CallbackMethod>buttonConfirmSetUsePingDOWNoffCALLBACK</CallbackMethod>
            </Field>

            <Field id="simpleSeparator10" type="separator"/>

            <Field    id="expirationTime"       type="menu"  defaultValue="90" tooltip="">
                <Label>Set time for UP to DOWN to EXPIRED for ALL devices</Label>
                <List>
                    <Option value="1"    > 1  seconds (for testing)</Option>
                    <Option value="10"   >10  seconds (for testing)</Option>
                    <Option value="20"   >20  seconds (for testing)</Option>
                    <Option value="30"   >30  seconds </Option>
                    <Option value="40"   >40  seconds </Option>
                    <Option value="60"   >60  seconds </Option>
                    <Option value="75"   >75 seconds</Option>
                    <Option value="90"   >90 seconds</Option>
                    <Option value="100"  >100 seconds</Option>
                    <Option value="120"  >120 seconds</Option>
                    <Option value="150"  >150 seconds</Option>
                    <Option value="180"  > 3  minutes</Option>
                    <Option value="240"  > 4  minutes</Option>
                    <Option value="300"  > 5  minutes</Option>
                    <Option value="360"  > 6  minutes</Option>
                    <Option value="420"  > 7  minutes</Option>
                    <Option value="490"  > 8  minutes</Option>
                    <Option value="540"  > 9  minutes</Option>
                    <Option value="600"  >10  minutes</Option>
                    <Option value="-1"   >use common expiration time</Option>
                </List>
            </Field>
            <Field    id="confirm10" type="button" tooltip="" >
                <Label>Change all devices to this exp time</Label><Title>CONFIRM</Title> <CallbackMethod>buttonConfirmSetExpTimeCALLBACK</CallbackMethod>
            </Field>


        </ConfigUI>
    </MenuItem>

    <MenuItem id="rebootUNIFIdevice">
        <Name>Reboot a unifi device </Name>
        <ConfigUI>
            <Field     id="rebootUNIFIdeviceSelected" type="menu" defaultValue="system">
                <Label>select which device:</Label>
                <List class="self" filter="" method="filterUnifiDevices"  dynamicReload="false"/>
            </Field>
            <Field    id="confirmReboot" type="button" tooltip="" >
                <Label>Click to reboot</Label><Title>CONFIRM</Title> <CallbackMethod>buttonConfirmrebootCALLBACK</CallbackMethod>
            </Field>
        </ConfigUI>
    </MenuItem>
    <MenuItem id="powerCyclePort">
        <Name>Power cycle a port on a unifi switch</Name>
        <ConfigUI>
            <Field     id="selectedUnifiSwitch" type="menu" defaultValue="system">
                <Label>Select which switch:</Label>
                <List class="self" filter="" method="filterUnifiSwitch"  dynamicReload="false"/>
            </Field>
            <Field    id="confirmSW" type="button" tooltip="" >
                <Label>confirm SW</Label><Title>CONFIRM</Title> <CallbackMethod>buttonConfirmSWCALLBACK</CallbackMethod>
            </Field>
            <Field     id="selectedUnifiSwitchPort" type="menu" defaultValue="1">
                <Label>select which port(#1..xx):</Label>
                <List class="self" filter="" method="filterUnifiSwitchPort"  dynamicReload="yes"/>
            </Field>
            <Field    id="confirmpowerCycle" type="button" tooltip="" >
                <Label>Click to powercycle</Label><Title>EXECUTE</Title> <CallbackMethod>buttonConfirmpowerCycleCALLBACK</CallbackMethod>
            </Field>
            <Field id="simpleSeparator2" type="separator"/>
            <Field     id="selectedUnifiClientSwitchPort" type="menu" defaultValue="0">
                <Label>OR  select Unifi-CLient:</Label>
                <List class="self" filter="" method="filterUnifiClient"  dynamicReload="no"/>
            </Field>
            <Field    id="confirmpowerCycleClient" type="button" tooltip="" >
                <Label>Click to powercycle</Label><Title>EXECUTE</Title> <CallbackMethod>buttonConfirmpowerCycleClientsCALLBACK</CallbackMethod>
            </Field>
        </ConfigUI>
    </MenuItem>
    <MenuItem id="reconnectWiFiDevice">
        <Name>Re-connect a wifi device</Name>
        <ConfigUI>
            <Field     id="selectedDevice" type="menu" defaultValue="0">
                <Label>select Unifi-CLient Wifi device:</Label>
                <List class="self" filter="" method="filterWiFiDevice"  dynamicReload="no"/>
            </Field>
            <Field    id="confirmReconnect" type="button" tooltip="" >
                <Label>Click to re-connect</Label><Title>EXECUTE</Title> <CallbackMethod>buttonConfirmReconnectCALLBACK</CallbackMethod>
            </Field>
        </ConfigUI>
    </MenuItem>

    <MenuItem id="blockDevice">
        <Name>Block a device / client</Name>
        <ConfigUI>
            <Field     id="selectedDevice" type="menu" defaultValue="0">
                <Label>select Unifi-CLient device:</Label>
                <List class="self" filter="" method="filterMACunifiOnly"  dynamicReload="no"/>
            </Field>
            <Field    id="confirmReconnect" type="button" tooltip="" >
                <Label>Click to block</Label><Title>EXECUTE</Title> <CallbackMethod>buttonConfirmBlockCALLBACK</CallbackMethod>
            </Field>
        </ConfigUI>
    </MenuItem>

    <MenuItem id="unBlockDevice">
        <Name>UN-Block device / client </Name>
        <ConfigUI>
            <Field     id="selectedDevice" type="menu" defaultValue="0">
                <Label>select Unifi-CLient device:</Label>
                <List class="self" filter="" method="filterMACunifiOnly"  dynamicReload="no"/>
            </Field>
            <Field    id="confirmReconnect" type="button" tooltip="" >
                <Label>Click to un-block</Label><Title>EXECUTE</Title> <CallbackMethod>buttonConfirmUnBlockCALLBACK</CallbackMethod>
            </Field>
        </ConfigUI>
    </MenuItem>

    <MenuItem id="APledON">
        <Name>Set AP LEDs ON/off</Name>
        <ConfigUI>
            <Field    id="confirm1" type="button" tooltip="" >
                <Label>Click to switch all LEDs ON</Label><Title>EXECUTE</Title> <CallbackMethod>buttonConfirmAPledONControllerCALLBACK</CallbackMethod>
            </Field>
            <Field id="simpleSeparator1" type="separator"/>
            <Field    id="confirm2" type="button" tooltip="" >
                <Label>Click to switch all LEDs off</Label><Title>EXECUTE</Title> <CallbackMethod>buttonConfirmAPledOFFControllerCALLBACK</CallbackMethod>
            </Field>
            <Field id="simpleSeparator2" type="separator"/>
            <Field     id="selectedAPDevice" type="menu" defaultValue="0">
                <Label>select Unifi-AP device:</Label>
                <List class="self" filter="" method="filterMAConlyAP"  dynamicReload="no"/>
            </Field>
            <Field    id="confirm3" type="button" tooltip="" >
                <Label>Click to blink LED ON</Label><Title>EXECUTE</Title> <CallbackMethod>buttonConfirmAPxledONControllerCALLBACK</CallbackMethod>
            </Field>
            <Field    id="confirm4" type="button" tooltip="" >
                <Label>Click to switch LED off</Label><Title>EXECUTE</Title> <CallbackMethod>buttonConfirmAPxledOFFControllerCALLBACK</CallbackMethod>
            </Field>
        </ConfigUI>
    </MenuItem>




</MenuItems>
